symbol,corp_code,business_year,report_code,fs_div,statement_name,account_name,current_amount,previous_amount,currency,ord,receipt_no,receipt_date,receipt_time,collected_at,usable_from,report_period_end,correction_filing_flag,original_receipt_no,source_revision,quality_status,excluded_reason,training_allowed_now,trading_allowed,production_effect
5930,00126380,2025,11011,,재무상태표,자산총계,566942110000000.0,514531948000000.0,KRW,7,,,,2026-06-30T09:00:00,2026-06-30,2025-12-31,False,,dart:5930:2025:11011,WARN,missing_receipt_date_using_collected_at,False,False,none
5930,00126380,2025,11011,,재무상태표,유동자산,247684612000000.0,227062266000000.0,KRW,8,,,,2026-06-30T09:00:00,2026-06-30,2025-12-31,False,,dart:5930:2025:11011,WARN,missing_receipt_date_using_collected_at,False,False,none
5930,00126380,2025,11011,,재무상태표,미수금,7481327000000.0,9622974000000.0,KRW,9,,,,2026-06-30T09:00:00,2026-06-30,2025-12-31,False,,dart:5930:2025:11011,WARN,missing_receipt_date_using_collected_at,False,False,none
5930,00126380,2025,11011,,재무상태표,현금및현금성자산,57856378000000.0,53705579000000.0,KRW,10,,,,2026-06-30T09:00:00,2026-06-30,2025-12-31,False,,dart:5930:2025:11011,WARN,missing_receipt_date_using_collected_at,False,False,none
5930,00126380,2025,11011,,재무상태표,단기상각후원가금융자산,0.0,0.0,KRW,11,,,,2026-06-30T09:00:00,2026-06-30,2025-12-31,False,,dart:5930:2025:11011,WARN,missing_receipt_date_using_collected_at,False,False,none
5930,00126380,2025,11011,,재무상태표,단기당기손익-공정가치금융자산,25715000000.0,36877000000.0,KRW,12,,,,2026-06-30T09:00:00,2026-06-30,2025-12-31,False,,dart:5930:2025:11011,WARN,missing_receipt_date_using_collected_at,False,False,none
5930,00126380,2025,11011,,재무상태표,선급비용,3627172000000.0,3362824000000.0,KRW,13,,,,2026-06-30T09:00:00,2026-06-30,2025-12-31,False,,dart:5930:2025:11011,WARN,missing_receipt_date_using_collected_at,False,False,none
5930,00126380,2025,11011,,재무상태표,매출채권,51127642000000.0,43623073000000.0,KRW,14,,,,2026-06-30T09:00:00,2026-06-30,2025-12-31,False,,dart:5930:2025:11011,WARN,missing_receipt_date_using_collected_at,False,False,none
5930,00126380,2025,11011,,재무상태표,재고자산,52636828000000.0,51754865000000.0,KRW,15,,,,2026-06-30T09:00:00,2026-06-30,2025-12-31,False,,dart:5930:2025:11011,WARN,missing_receipt_date_using_collected_at,False,False,none
5930,00126380,2025,11011,,재무상태표,매각예정분류자산,0.0,0.0,KRW,16,,,,2026-06-30T09:00:00,2026-06-30,2025-12-31,False,,dart:5930:2025:11011,WARN,missing_receipt_date_using_collected_at,False,False,none
5930,00126380,2025,11011,,재무상태표,기타유동자산,6964529000000.0,6046740000000.0,KRW,17,,,,2026-06-30T09:00:00,2026-06-30,2025-12-31,False,,dart:5930:2025:11011,WARN,missing_receipt_date_using_collected_at,False,False,none
5930,00126380,2025,11011,,재무상태표,단기금융상품,67965021000000.0,58909334000000.0,KRW,18,,,,2026-06-30T09:00:00,2026-06-30,2025-12-31,False,,dart:5930:2025:11011,WARN,missing_receipt_date_using_collected_at,False,False,none
5930,00126380,2025,11011,,재무상태표,비유동자산,319257498000000.0,287469682000000.0,KRW,19,,,,2026-06-30T09:00:00,2026-06-30,2025-12-31,False,,dart:5930:2025:11011,WARN,missing_receipt_date_using_collected_at,False,False,none
5930,00126380,2025,11011,,재무상태표,이연법인세자산,18840559000000.0,14236468000000.0,KRW,20,,,,2026-06-30T09:00:00,2026-06-30,2025-12-31,False,,dart:5930:2025:11011,WARN,missing_receipt_date_using_collected_at,False,False,none
5930,00126380,2025,11011,,재무상태표,무형자산,29480565000000.0,23738566000000.0,KRW,21,,,,2026-06-30T09:00:00,2026-06-30,2025-12-31,False,,dart:5930:2025:11011,WARN,missing_receipt_date_using_collected_at,False,False,none
5930,00126380,2025,11011,,재무상태표,관계기업 및 공동기업 투자,13772121000000.0,12592117000000.0,KRW,22,,,,2026-06-30T09:00:00,2026-06-30,2025-12-31,False,,dart:5930:2025:11011,WARN,missing_receipt_date_using_collected_at,False,False,none
5930,00126380,2025,11011,,재무상태표,당기손익-공정가치금융자산,1280501000000.0,1175749000000.0,KRW,23,,,,2026-06-30T09:00:00,2026-06-30,2025-12-31,False,,dart:5930:2025:11011,WARN,missing_receipt_date_using_collected_at,False,False,none
5930,00126380,2025,11011,,재무상태표,기타포괄손익-공정가치금융자산,16295005000000.0,10580932000000.0,KRW,24,,,,2026-06-30T09:00:00,2026-06-30,2025-12-31,False,,dart:5930:2025:11011,WARN,missing_receipt_date_using_collected_at,False,False,none
5930,00126380,2025,11011,,재무상태표,순확정급여자산,4271547000000.0,3089571000000.0,KRW,25,,,,2026-06-30T09:00:00,2026-06-30,2025-12-31,False,,dart:5930:2025:11011,WARN,missing_receipt_date_using_collected_at,False,False,none
5930,00126380,2025,11011,,재무상태표,기타비유동자산,20012416000000.0,16111070000000.0,KRW,26,,,,2026-06-30T09:00:00,2026-06-30,2025-12-31,False,,dart:5930:2025:11011,WARN,missing_receipt_date_using_collected_at,False,False,none
5930,00126380,2025,11011,,재무상태표,유형자산,215304784000000.0,205945209000000.0,KRW,27,,,,2026-06-30T09:00:00,2026-06-30,2025-12-31,False,,dart:5930:2025:11011,WARN,missing_receipt_date_using_collected_at,False,False,none
5930,00126380,2025,11011,,재무상태표,자본총계,436320337000000.0,402192070000000.0,KRW,29,,,,2026-06-30T09:00:00,2026-06-30,2025-12-31,False,,dart:5930:2025:11011,WARN,missing_receipt_date_using_collected_at,False,False,none
5930,00126380,2025,11011,,재무상태표,지배기업 소유주지분,424313255000000.0,391687603000000.0,KRW,30,,,,2026-06-30T09:00:00,2026-06-30,2025-12-31,False,,dart:5930:2025:11011,WARN,missing_receipt_date_using_collected_at,False,False,none
5930,00126380,2025,11011,,재무상태표,기타자본항목,16876248000000.0,15873008000000.0,KRW,31,,,,2026-06-30T09:00:00,2026-06-30,2025-12-31,False,,dart:5930:2025:11011,WARN,missing_receipt_date_using_collected_at,False,False,none
5930,00126380,2025,11011,,재무상태표,자본금,897514000000.0,897514000000.0,KRW,32,,,,2026-06-30T09:00:00,2026-06-30,2025-12-31,False,,dart:5930:2025:11011,WARN,missing_receipt_date_using_collected_at,False,False,none
5930,00126380,2025,11011,,재무상태표,보통주자본금,778047000000.0,778047000000.0,KRW,33,,,,2026-06-30T09:00:00,2026-06-30,2025-12-31,False,,dart:5930:2025:11011,WARN,missing_receipt_date_using_collected_at,False,False,none
5930,00126380,2025,11011,,재무상태표,우선주자본금,119467000000.0,119467000000.0,KRW,34,,,,2026-06-30T09:00:00,2026-06-30,2025-12-31,False,,dart:5930:2025:11011,WARN,missing_receipt_date_using_collected_at,False,False,none
5930,00126380,2025,11011,,재무상태표,이익잉여금,402135600000000.0,370513188000000.0,KRW,35,,,,2026-06-30T09:00:00,2026-06-30,2025-12-31,False,,dart:5930:2025:11011,WARN,missing_receipt_date_using_collected_at,False,False,none
5930,00126380,2025,11011,,재무상태표,주식발행초과금,4403893000000.0,4403893000000.0,KRW,36,,,,2026-06-30T09:00:00,2026-06-30,2025-12-31,False,,dart:5930:2025:11011,WARN,missing_receipt_date_using_collected_at,False,False,none
5930,00126380,2025,11011,,재무상태표,비지배지분,12007082000000.0,10504467000000.0,KRW,37,,,,2026-06-30T09:00:00,2026-06-30,2025-12-31,False,,dart:5930:2025:11011,WARN,missing_receipt_date_using_collected_at,False,False,none
5930,00126380,2025,11011,,재무상태표,부채와자본총계,566942110000000.0,514531948000000.0,KRW,38,,,,2026-06-30T09:00:00,2026-06-30,2025-12-31,False,,dart:5930:2025:11011,WARN,missing_receipt_date_using_collected_at,False,False,none
5930,00126380,2025,11011,,재무상태표,유동부채,106411348000000.0,93326299000000.0,KRW,40,,,,2026-06-30T09:00:00,2026-06-30,2025-12-31,False,,dart:5930:2025:11011,WARN,missing_receipt_date_using_collected_at,False,False,none
5930,00126380,2025,11011,,재무상태표,예수금,1001885000000.0,991812000000.0,KRW,41,,,,2026-06-30T09:00:00,2026-06-30,2025-12-31,False,,dart:5930:2025:11011,WARN,missing_receipt_date_using_collected_at,False,False,none
5930,00126380,2025,11011,,재무상태표,단기차입금,17574980000000.0,13172504000000.0,KRW,42,,,,2026-06-30T09:00:00,2026-06-30,2025-12-31,False,,dart:5930:2025:11011,WARN,missing_receipt_date_using_collected_at,False,False,none
5930,00126380,2025,11011,,재무상태표,미지급비용,32707431000000.0,29613258000000.0,KRW,43,,,,2026-06-30T09:00:00,2026-06-30,2025-12-31,False,,dart:5930:2025:11011,WARN,missing_receipt_date_using_collected_at,False,False,none
5930,00126380,2025,11011,,재무상태표,선수금,1933598000000.0,1841420000000.0,KRW,44,,,,2026-06-30T09:00:00,2026-06-30,2025-12-31,False,,dart:5930:2025:11011,WARN,missing_receipt_date_using_collected_at,False,False,none
5930,00126380,2025,11011,,재무상태표,유동성장기부채,1177508000000.0,2207290000000.0,KRW,45,,,,2026-06-30T09:00:00,2026-06-30,2025-12-31,False,,dart:5930:2025:11011,WARN,missing_receipt_date_using_collected_at,False,False,none
5930,00126380,2025,11011,,재무상태표,당기법인세부채,7037174000000.0,4340171000000.0,KRW,46,,,,2026-06-30T09:00:00,2026-06-30,2025-12-31,False,,dart:5930:2025:11011,WARN,missing_receipt_date_using_collected_at,False,False,none
5930,00126380,2025,11011,,재무상태표,매각예정분류부채,0.0,0.0,KRW,47,,,,2026-06-30T09:00:00,2026-06-30,2025-12-31,False,,dart:5930:2025:11011,WARN,missing_receipt_date_using_collected_at,False,False,none
5930,00126380,2025,11011,,재무상태표,기타유동부채,2883176000000.0,2025833000000.0,KRW,48,,,,2026-06-30T09:00:00,2026-06-30,2025-12-31,False,,dart:5930:2025:11011,WARN,missing_receipt_date_using_collected_at,False,False,none
5930,00126380,2025,11011,,재무상태표,미지급금,21365657000000.0,18547365000000.0,KRW,49,,,,2026-06-30T09:00:00,2026-06-30,2025-12-31,False,,dart:5930:2025:11011,WARN,missing_receipt_date_using_collected_at,False,False,none
5930,00126380,2025,11011,,재무상태표,충당부채,7690559000000.0,8216469000000.0,KRW,50,,,,2026-06-30T09:00:00,2026-06-30,2025-12-31,False,,dart:5930:2025:11011,WARN,missing_receipt_date_using_collected_at,False,False,none
5930,00126380,2025,11011,,재무상태표,매입채무,13039380000000.0,12370177000000.0,KRW,51,,,,2026-06-30T09:00:00,2026-06-30,2025-12-31,False,,dart:5930:2025:11011,WARN,missing_receipt_date_using_collected_at,False,False,none
5930,00126380,2025,11011,,재무상태표,부채총계,130621773000000.0,112339878000000.0,KRW,52,,,,2026-06-30T09:00:00,2026-06-30,2025-12-31,False,,dart:5930:2025:11011,WARN,missing_receipt_date_using_collected_at,False,False,none
5930,00126380,2025,11011,,재무상태표,비유동부채,24210425000000.0,19013579000000.0,KRW,53,,,,2026-06-30T09:00:00,2026-06-30,2025-12-31,False,,dart:5930:2025:11011,WARN,missing_receipt_date_using_collected_at,False,False,none
5930,00126380,2025,11011,,재무상태표,이연법인세부채,709226000000.0,528231000000.0,KRW,54,,,,2026-06-30T09:00:00,2026-06-30,2025-12-31,False,,dart:5930:2025:11011,WARN,missing_receipt_date_using_collected_at,False,False,none
5930,00126380,2025,11011,,재무상태표,사채,7134000000.0,14530000000.0,KRW,55,,,,2026-06-30T09:00:00,2026-06-30,2025-12-31,False,,dart:5930:2025:11011,WARN,missing_receipt_date_using_collected_at,False,False,none
5930,00126380,2025,11011,,재무상태표,장기차입금,6479517000000.0,3935860000000.0,KRW,56,,,,2026-06-30T09:00:00,2026-06-30,2025-12-31,False,,dart:5930:2025:11011,WARN,missing_receipt_date_using_collected_at,False,False,none
5930,00126380,2025,11011,,재무상태표,순확정급여부채,558520000000.0,521410000000.0,KRW,57,,,,2026-06-30T09:00:00,2026-06-30,2025-12-31,False,,dart:5930:2025:11011,WARN,missing_receipt_date_using_collected_at,False,False,none
5930,00126380,2025,11011,,재무상태표,장기충당부채,2900411000000.0,3120044000000.0,KRW,58,,,,2026-06-30T09:00:00,2026-06-30,2025-12-31,False,,dart:5930:2025:11011,WARN,missing_receipt_date_using_collected_at,False,False,none
5930,00126380,2025,11011,,재무상태표,기타비유동부채,7953586000000.0,5383049000000.0,KRW,59,,,,2026-06-30T09:00:00,2026-06-30,2025-12-31,False,,dart:5930:2025:11011,WARN,missing_receipt_date_using_collected_at,False,False,none
5930,00126380,2025,11011,,재무상태표,장기미지급금,5602031000000.0,5510455000000.0,KRW,60,,,,2026-06-30T09:00:00,2026-06-30,2025-12-31,False,,dart:5930:2025:11011,WARN,missing_receipt_date_using_collected_at,False,False,none
5930,00126380,2025,11011,,손익계산서,영업이익,43601051000000.0,32725961000000.0,KRW,6,,,,2026-06-30T09:00:00,2026-06-30,2025-12-31,False,,dart:5930:2025:11011,WARN,missing_receipt_date_using_collected_at,False,False,none
5930,00126380,2025,11011,,손익계산서,기타수익,2267083000000.0,1960338000000.0,KRW,7,,,,2026-06-30T09:00:00,2026-06-30,2025-12-31,False,,dart:5930:2025:11011,WARN,missing_receipt_date_using_collected_at,False,False,none
5930,00126380,2025,11011,,손익계산서,기타비용,1575901000000.0,1625229000000.0,KRW,8,,,,2026-06-30T09:00:00,2026-06-30,2025-12-31,False,,dart:5930:2025:11011,WARN,missing_receipt_date_using_collected_at,False,False,none
5930,00126380,2025,11011,,손익계산서,판매비와관리비,87769374000000.0,81582674000000.0,KRW,9,,,,2026-06-30T09:00:00,2026-06-30,2025-12-31,False,,dart:5930:2025:11011,WARN,missing_receipt_date_using_collected_at,False,False,none
5930,00126380,2025,11011,,손익계산서,매출원가,202235513000000.0,186562268000000.0,KRW,10,,,,2026-06-30T09:00:00,2026-06-30,2025-12-31,False,,dart:5930:2025:11011,WARN,missing_receipt_date_using_collected_at,False,False,none
5930,00126380,2025,11011,,손익계산서,기본주당이익,6605.0,4950.0,KRW,12,,,,2026-06-30T09:00:00,2026-06-30,2025-12-31,False,,dart:5930:2025:11011,WARN,missing_receipt_date_using_collected_at,False,False,none
5930,00126380,2025,11011,,손익계산서,희석주당이익,6603.0,4950.0,KRW,13,,,,2026-06-30T09:00:00,2026-06-30,2025-12-31,False,,dart:5930:2025:11011,WARN,missing_receipt_date_using_collected_at,False,False,none
5930,00126380,2025,11011,,손익계산서,금융비용,11733764000000.0,12985684000000.0,KRW,14,,,,2026-06-30T09:00:00,2026-06-30,2025-12-31,False,,dart:5930:2025:11011,WARN,missing_receipt_date_using_collected_at,False,False,none
5930,00126380,2025,11011,,손익계산서,금융수익,16240302000000.0,16703304000000.0,KRW,15,,,,2026-06-30T09:00:00,2026-06-30,2025-12-31,False,,dart:5930:2025:11011,WARN,missing_receipt_date_using_collected_at,False,False,none
5930,00126380,2025,11011,,손익계산서,매출총이익,131370425000000.0,114308635000000.0,KRW,16,,,,2026-06-30T09:00:00,2026-06-30,2025-12-31,False,,dart:5930:2025:11011,WARN,missing_receipt_date_using_collected_at,False,False,none
5930,00126380,2025,11011,,손익계산서,법인세비용(수익),4274666000000.0,3078383000000.0,KRW,17,,,,2026-06-30T09:00:00,2026-06-30,2025-12-31,False,,dart:5930:2025:11011,WARN,missing_receipt_date_using_collected_at,False,False,none
5930,00126380,2025,11011,,손익계산서,당기순이익,45206805000000.0,34451351000000.0,KRW,18,,,,2026-06-30T09:00:00,2026-06-30,2025-12-31,False,,dart:5930:2025:11011,WARN,missing_receipt_date_using_collected_at,False,False,none
5930,00126380,2025,11011,,손익계산서,비지배지분,945849000000.0,829988000000.0,KRW,20,,,,2026-06-30T09:00:00,2026-06-30,2025-12-31,False,,dart:5930:2025:11011,WARN,missing_receipt_date_using_collected_at,False,False,none
5930,00126380,2025,11011,,손익계산서,지배기업 소유주지분,44260956000000.0,33621363000000.0,KRW,21,,,,2026-06-30T09:00:00,2026-06-30,2025-12-31,False,,dart:5930:2025:11011,WARN,missing_receipt_date_using_collected_at,False,False,none
5930,00126380,2025,11011,,손익계산서,법인세비용차감전순이익,49481471000000.0,37529734000000.0,KRW,22,,,,2026-06-30T09:00:00,2026-06-30,2025-12-31,False,,dart:5930:2025:11011,WARN,missing_receipt_date_using_collected_at,False,False,none
5930,00126380,2025,11011,,손익계산서,매출액,333605938000000.0,300870903000000.0,KRW,23,,,,2026-06-30T09:00:00,2026-06-30,2025-12-31,False,,dart:5930:2025:11011,WARN,missing_receipt_date_using_collected_at,False,False,none
5930,00126380,2025,11011,,손익계산서,지분법이익,682700000000.0,751044000000.0,KRW,24,,,,2026-06-30T09:00:00,2026-06-30,2025-12-31,False,,dart:5930:2025:11011,WARN,missing_receipt_date_using_collected_at,False,False,none
5930,00126380,2025,11011,,포괄손익계산서,총포괄손익,51290524000000.0,51296338000000.0,KRW,6,,,,2026-06-30T09:00:00,2026-06-30,2025-12-31,False,,dart:5930:2025:11011,WARN,missing_receipt_date_using_collected_at,False,False,none
5930,00126380,2025,11011,,포괄손익계산서,비지배지분,1386561000000.0,1248139000000.0,KRW,8,,,,2026-06-30T09:00:00,2026-06-30,2025-12-31,False,,dart:5930:2025:11011,WARN,missing_receipt_date_using_collected_at,False,False,none
5930,00126380,2025,11011,,포괄손익계산서,지배기업 소유주지분,49903963000000.0,50048199000000.0,KRW,9,,,,2026-06-30T09:00:00,2026-06-30,2025-12-31,False,,dart:5930:2025:11011,WARN,missing_receipt_date_using_collected_at,False,False,none
5930,00126380,2025,11011,,포괄손익계산서,연결기타포괄손익,6083719000000.0,16844987000000.0,KRW,10,,,,2026-06-30T09:00:00,2026-06-30,2025-12-31,False,,dart:5930:2025:11011,WARN,missing_receipt_date_using_collected_at,False,False,none
5930,00126380,2025,11011,,포괄손익계산서,후속적으로 당기손익으로 재분류되는 포괄손익,1205886000000.0,15382480000000.0,KRW,11,,,,2026-06-30T09:00:00,2026-06-30,2025-12-31,False,,dart:5930:2025:11011,WARN,missing_receipt_date_using_collected_at,False,False,none
5930,00126380,2025,11011,,포괄손익계산서,현금흐름위험회피파생상품평가손익,1706000000.0,-38946000000.0,KRW,12,,,,2026-06-30T09:00:00,2026-06-30,2025-12-31,False,,dart:5930:2025:11011,WARN,missing_receipt_date_using_collected_at,False,False,none
5930,00126380,2025,11011,,포괄손익계산서,해외사업장환산외환차이,960019000000.0,15116099000000.0,KRW,13,,,,2026-06-30T09:00:00,2026-06-30,2025-12-31,False,,dart:5930:2025:11011,WARN,missing_receipt_date_using_collected_at,False,False,none
5930,00126380,2025,11011,,포괄손익계산서,관계기업 및 공동기업의 기타포괄손익에 대한 지분,244161000000.0,305327000000.0,KRW,14,,,,2026-06-30T09:00:00,2026-06-30,2025-12-31,False,,dart:5930:2025:11011,WARN,missing_receipt_date_using_collected_at,False,False,none
5930,00126380,2025,11011,,포괄손익계산서,후속적으로 당기손익으로 재분류되지 않는 포괄손익,4877833000000.0,1462507000000.0,KRW,15,,,,2026-06-30T09:00:00,2026-06-30,2025-12-31,False,,dart:5930:2025:11011,WARN,missing_receipt_date_using_collected_at,False,False,none
5930,00126380,2025,11011,,포괄손익계산서,기타포괄손익-공정가치금융자산평가손익,4678338000000.0,2300166000000.0,KRW,16,,,,2026-06-30T09:00:00,2026-06-30,2025-12-31,False,,dart:5930:2025:11011,WARN,missing_receipt_date_using_collected_at,False,False,none
5930,00126380,2025,11011,,포괄손익계산서,순확정급여부채(자산) 재측정요소,106691000000.0,-766078000000.0,KRW,17,,,,2026-06-30T09:00:00,2026-06-30,2025-12-31,False,,dart:5930:2025:11011,WARN,missing_receipt_date_using_collected_at,False,False,none
5930,00126380,2025,11011,,포괄손익계산서,관계기업 및 공동기업의 기타포괄손익에 대한 지분,92804000000.0,-71581000000.0,KRW,18,,,,2026-06-30T09:00:00,2026-06-30,2025-12-31,False,,dart:5930:2025:11011,WARN,missing_receipt_date_using_collected_at,False,False,none
5930,00126380,2025,11011,,포괄손익계산서,당기순이익,45206805000000.0,34451351000000.0,KRW,19,,,,2026-06-30T09:00:00,2026-06-30,2025-12-31,False,,dart:5930:2025:11011,WARN,missing_receipt_date_using_collected_at,False,False,none
5930,00126380,2025,11011,,현금흐름표,기초의 현금및현금성자산,53705579000000.0,69080893000000.0,KRW,2,,,,2026-06-30T09:00:00,2026-06-30,2025-12-31,False,,dart:5930:2025:11011,WARN,missing_receipt_date_using_collected_at,False,False,none
5930,00126380,2025,11011,,현금흐름표,기말의 현금및현금성자산,57856378000000.0,53705579000000.0,KRW,3,,,,2026-06-30T09:00:00,2026-06-30,2025-12-31,False,,dart:5930:2025:11011,WARN,missing_receipt_date_using_collected_at,False,False,none
5930,00126380,2025,11011,,현금흐름표,매각예정분류,0.0,0.0,KRW,8,,,,2026-06-30T09:00:00,2026-06-30,2025-12-31,False,,dart:5930:2025:11011,WARN,missing_receipt_date_using_collected_at,False,False,none
5930,00126380,2025,11011,,현금흐름표,재무활동현금흐름,-13478040000000.0,-7797243000000.0,KRW,9,,,,2026-06-30T09:00:00,2026-06-30,2025-12-31,False,,dart:5930:2025:11011,WARN,missing_receipt_date_using_collected_at,False,False,none
5930,00126380,2025,11011,,현금흐름표,자기주식의 취득,8189263000000.0,1811775000000.0,KRW,10,,,,2026-06-30T09:00:00,2026-06-30,2025-12-31,False,,dart:5930:2025:11011,WARN,missing_receipt_date_using_collected_at,False,False,none
5930,00126380,2025,11011,,현금흐름표,비지배지분의 증감,973000000.0,8511000000.0,KRW,11,,,,2026-06-30T09:00:00,2026-06-30,2025-12-31,False,,dart:5930:2025:11011,WARN,missing_receipt_date_using_collected_at,False,False,none
5930,00126380,2025,11011,,현금흐름표,장기차입금의 차입,2807001000000.0,404954000000.0,KRW,12,,,,2026-06-30T09:00:00,2026-06-30,2025-12-31,False,,dart:5930:2025:11011,WARN,missing_receipt_date_using_collected_at,False,False,none
5930,00126380,2025,11011,,현금흐름표,단기차입금의 순증가(감소),4655349000000.0,5871346000000.0,KRW,13,,,,2026-06-30T09:00:00,2026-06-30,2025-12-31,False,,dart:5930:2025:11011,WARN,missing_receipt_date_using_collected_at,False,False,none
5930,00126380,2025,11011,,현금흐름표,배당금의 지급,9897183000000.0,10888749000000.0,KRW,14,,,,2026-06-30T09:00:00,2026-06-30,2025-12-31,False,,dart:5930:2025:11011,WARN,missing_receipt_date_using_collected_at,False,False,none
5930,00126380,2025,11011,,현금흐름표,사채 및 장기차입금의 상환,2852971000000.0,1364508000000.0,KRW,15,,,,2026-06-30T09:00:00,2026-06-30,2025-12-31,False,,dart:5930:2025:11011,WARN,missing_receipt_date_using_collected_at,False,False,none
5930,00126380,2025,11011,,현금흐름표,투자활동현금흐름,-68512206000000.0,-85381702000000.0,KRW,16,,,,2026-06-30T09:00:00,2026-06-30,2025-12-31,False,,dart:5930:2025:11011,WARN,missing_receipt_date_using_collected_at,False,False,none
5930,00126380,2025,11011,,현금흐름표,당기손익-공정가치금융자산의 처분,142584000000.0,309970000000.0,KRW,17,,,,2026-06-30T09:00:00,2026-06-30,2025-12-31,False,,dart:5930:2025:11011,WARN,missing_receipt_date_using_collected_at,False,False,none
5930,00126380,2025,11011,,현금흐름표,기타포괄손익-공정가치금융자산의 처분,851834000000.0,389680000000.0,KRW,18,,,,2026-06-30T09:00:00,2026-06-30,2025-12-31,False,,dart:5930:2025:11011,WARN,missing_receipt_date_using_collected_at,False,False,none
5930,00126380,2025,11011,,현금흐름표,장기금융상품의 처분,4519179000000.0,4100008000000.0,KRW,19,,,,2026-06-30T09:00:00,2026-06-30,2025-12-31,False,,dart:5930:2025:11011,WARN,missing_receipt_date_using_collected_at,False,False,none
5930,00126380,2025,11011,,현금흐름표,매각예정분류자산 처분으로 인한 현금유입액,0.0,101563000000.0,KRW,20,,,,2026-06-30T09:00:00,2026-06-30,2025-12-31,False,,dart:5930:2025:11011,WARN,missing_receipt_date_using_collected_at,False,False,none
5930,00126380,2025,11011,,현금흐름표,당기손익-공정가치금융자산의 취득,146774000000.0,70982000000.0,KRW,21,,,,2026-06-30T09:00:00,2026-06-30,2025-12-31,False,,dart:5930:2025:11011,WARN,missing_receipt_date_using_collected_at,False,False,none
5930,00126380,2025,11011,,현금흐름표,기타포괄손익-공정가치금융자산의 취득,129636000000.0,185876000000.0,KRW,22,,,,2026-06-30T09:00:00,2026-06-30,2025-12-31,False,,dart:5930:2025:11011,WARN,missing_receipt_date_using_collected_at,False,False,none
5930,00126380,2025,11011,,현금흐름표,장기금융상품의 취득,13533556000000.0,3987279000000.0,KRW,23,,,,2026-06-30T09:00:00,2026-06-30,2025-12-31,False,,dart:5930:2025:11011,WARN,missing_receipt_date_using_collected_at,False,False,none
5930,00126380,2025,11011,,현금흐름표,단기상각후원가금융자산의 순감소(증가),0.0,620858000000.0,KRW,24,,,,2026-06-30T09:00:00,2026-06-30,2025-12-31,False,,dart:5930:2025:11011,WARN,missing_receipt_date_using_collected_at,False,False,none
5930,00126380,2025,11011,,현금흐름표,단기당기손익-공정가치금융자산의 순감소(증가),11163000000.0,-9735000000.0,KRW,25,,,,2026-06-30T09:00:00,2026-06-30,2025-12-31,False,,dart:5930:2025:11011,WARN,missing_receipt_date_using_collected_at,False,False,none
5930,00126380,2025,11011,,현금흐름표,단기금융상품의 순감소(증가),-6701150000000.0,-32976756000000.0,KRW,26,,,,2026-06-30T09:00:00,2026-06-30,2025-12-31,False,,dart:5930:2025:11011,WARN,missing_receipt_date_using_collected_at,False,False,none
5930,00126380,2025,11011,,현금흐름표,사업양도로 인한 현금유입액,418093000000.0,0.0,KRW,27,,,,2026-06-30T09:00:00,2026-06-30,2025-12-31,False,,dart:5930:2025:11011,WARN,missing_receipt_date_using_collected_at,False,False,none
5930,00126380,2025,11011,,현금흐름표,사업결합으로 인한 순현금유출액,3131539000000.0,142156000000.0,KRW,28,,,,2026-06-30T09:00:00,2026-06-30,2025-12-31,False,,dart:5930:2025:11011,WARN,missing_receipt_date_using_collected_at,False,False,none
5930,00126380,2025,11011,,현금흐름표,기타투자활동으로 인한 현금유출입액,-226491000000.0,17114000000.0,KRW,29,,,,2026-06-30T09:00:00,2026-06-30,2025-12-31,False,,dart:5930:2025:11011,WARN,missing_receipt_date_using_collected_at,False,False,none
5930,00126380,2025,11011,,현금흐름표,정부보조금의 수취,1722357000000.0,0.0,KRW,30,,,,2026-06-30T09:00:00,2026-06-30,2025-12-31,False,,dart:5930:2025:11011,WARN,missing_receipt_date_using_collected_at,False,False,none
5930,00126380,2025,11011,,현금흐름표,무형자산의 처분,13554000000.0,15869000000.0,KRW,31,,,,2026-06-30T09:00:00,2026-06-30,2025-12-31,False,,dart:5930:2025:11011,WARN,missing_receipt_date_using_collected_at,False,False,none
5930,00126380,2025,11011,,현금흐름표,관계기업 및 공동기업 투자의 처분,6643000000.0,33178000000.0,KRW,32,,,,2026-06-30T09:00:00,2026-06-30,2025-12-31,False,,dart:5930:2025:11011,WARN,missing_receipt_date_using_collected_at,False,False,none
5930,00126380,2025,11011,,현금흐름표,유형자산의 처분,149828000000.0,156191000000.0,KRW,33,,,,2026-06-30T09:00:00,2026-06-30,2025-12-31,False,,dart:5930:2025:11011,WARN,missing_receipt_date_using_collected_at,False,False,none
5930,00126380,2025,11011,,현금흐름표,무형자산의 취득,4630970000000.0,2335284000000.0,KRW,34,,,,2026-06-30T09:00:00,2026-06-30,2025-12-31,False,,dart:5930:2025:11011,WARN,missing_receipt_date_using_collected_at,False,False,none
5930,00126380,2025,11011,,현금흐름표,관계기업 및 공동기업 투자의 취득,325146000000.0,11710000000.0,KRW,35,,,,2026-06-30T09:00:00,2026-06-30,2025-12-31,False,,dart:5930:2025:11011,WARN,missing_receipt_date_using_collected_at,False,False,none
5930,00126380,2025,11011,,현금흐름표,유형자산의 취득,47522179000000.0,51406355000000.0,KRW,36,,,,2026-06-30T09:00:00,2026-06-30,2025-12-31,False,,dart:5930:2025:11011,WARN,missing_receipt_date_using_collected_at,False,False,none
5930,00126380,2025,11011,,현금흐름표,영업활동현금흐름,85315148000000.0,72982621000000.0,KRW,37,,,,2026-06-30T09:00:00,2026-06-30,2025-12-31,False,,dart:5930:2025:11011,WARN,missing_receipt_date_using_collected_at,False,False,none
5930,00126380,2025,11011,,현금흐름표,영업에서 창출된 현금흐름,87988515000000.0,75830873000000.0,KRW,38,,,,2026-06-30T09:00:00,2026-06-30,2025-12-31,False,,dart:5930:2025:11011,WARN,missing_receipt_date_using_collected_at,False,False,none
5930,00126380,2025,11011,,현금흐름표,영업활동으로 인한 자산부채의 변동,-9613906000000.0,-1567557000000.0,KRW,39,,,,2026-06-30T09:00:00,2026-06-30,2025-12-31,False,,dart:5930:2025:11011,WARN,missing_receipt_date_using_collected_at,False,False,none
5930,00126380,2025,11011,,현금흐름표,조정,52395616000000.0,42947079000000.0,KRW,40,,,,2026-06-30T09:00:00,2026-06-30,2025-12-31,False,,dart:5930:2025:11011,WARN,missing_receipt_date_using_collected_at,False,False,none
5930,00126380,2025,11011,,현금흐름표,당기순이익,45206805000000.0,34451351000000.0,KRW,41,,,,2026-06-30T09:00:00,2026-06-30,2025-12-31,False,,dart:5930:2025:11011,WARN,missing_receipt_date_using_collected_at,False,False,none
5930,00126380,2025,11011,,현금흐름표,배당금 수입,253105000000.0,268482000000.0,KRW,42,,,,2026-06-30T09:00:00,2026-06-30,2025-12-31,False,,dart:5930:2025:11011,WARN,missing_receipt_date_using_collected_at,False,False,none
5930,00126380,2025,11011,,현금흐름표,법인세 납부액,7137295000000.0,6450044000000.0,KRW,43,,,,2026-06-30T09:00:00,2026-06-30,2025-12-31,False,,dart:5930:2025:11011,WARN,missing_receipt_date_using_collected_at,False,False,none
5930,00126380,2025,11011,,현금흐름표,이자의 지급,469730000000.0,675049000000.0,KRW,44,,,,2026-06-30T09:00:00,2026-06-30,2025-12-31,False,,dart:5930:2025:11011,WARN,missing_receipt_date_using_collected_at,False,False,none
5930,00126380,2025,11011,,현금흐름표,이자의 수취,4680553000000.0,4008359000000.0,KRW,45,,,,2026-06-30T09:00:00,2026-06-30,2025-12-31,False,,dart:5930:2025:11011,WARN,missing_receipt_date_using_collected_at,False,False,none
5930,00126380,2025,11011,,현금흐름표,외화환산으로 인한 현금의 변동,825897000000.0,4821010000000.0,KRW,46,,,,2026-06-30T09:00:00,2026-06-30,2025-12-31,False,,dart:5930:2025:11011,WARN,missing_receipt_date_using_collected_at,False,False,none
5930,00126380,2025,11011,,현금흐름표,현금및현금성자산의 증가(감소),4150799000000.0,-15375314000000.0,KRW,47,,,,2026-06-30T09:00:00,2026-06-30,2025-12-31,False,,dart:5930:2025:11011,WARN,missing_receipt_date_using_collected_at,False,False,none
5930,00126380,2025,11011,,자본변동표,연결실체의 변동,0.0,0.0,KRW,3,,,,2026-06-30T09:00:00,2026-06-30,2025-12-31,False,,dart:5930:2025:11011,WARN,missing_receipt_date_using_collected_at,False,False,none
5930,00126380,2025,11011,,자본변동표,연결실체의 변동,0.0,0.0,KRW,3,,,,2026-06-30T09:00:00,2026-06-30,2025-12-31,False,,dart:5930:2025:11011,WARN,missing_receipt_date_using_collected_at,False,False,none
5930,00126380,2025,11011,,자본변동표,연결실체의 변동,0.0,0.0,KRW,3,,,,2026-06-30T09:00:00,2026-06-30,2025-12-31,False,,dart:5930:2025:11011,WARN,missing_receipt_date_using_collected_at,False,False,none
5930,00126380,2025,11011,,자본변동표,연결실체의 변동,204471000000.0,-76626000000.0,KRW,3,,,,2026-06-30T09:00:00,2026-06-30,2025-12-31,False,,dart:5930:2025:11011,WARN,missing_receipt_date_using_collected_at,False,False,none
5930,00126380,2025,11011,,자본변동표,연결실체의 변동,204471000000.0,-76626000000.0,KRW,3,,,,2026-06-30T09:00:00,2026-06-30,2025-12-31,False,,dart:5930:2025:11011,WARN,missing_receipt_date_using_collected_at,False,False,none
5930,00126380,2025,11011,,자본변동표,연결실체의 변동,0.0,0.0,KRW,3,,,,2026-06-30T09:00:00,2026-06-30,2025-12-31,False,,dart:5930:2025:11011,WARN,missing_receipt_date_using_collected_at,False,False,none
5930,00126380,2025,11011,,자본변동표,연결실체의 변동,0.0,0.0,KRW,3,,,,2026-06-30T09:00:00,2026-06-30,2025-12-31,False,,dart:5930:2025:11011,WARN,missing_receipt_date_using_collected_at,False,False,none
5930,00126380,2025,11011,,자본변동표,기초자본,897514000000.0,897514000000.0,KRW,4,,,,2026-06-30T09:00:00,2026-06-30,2025-12-31,False,,dart:5930:2025:11011,WARN,missing_receipt_date_using_collected_at,False,False,none
5930,00126380,2025,11011,,자본변동표,기초자본,370513188000000.0,346652238000000.0,KRW,4,,,,2026-06-30T09:00:00,2026-06-30,2025-12-31,False,,dart:5930:2025:11011,WARN,missing_receipt_date_using_collected_at,False,False,none
5930,00126380,2025,11011,,자본변동표,기초자본,15873008000000.0,1280130000000.0,KRW,4,,,,2026-06-30T09:00:00,2026-06-30,2025-12-31,False,,dart:5930:2025:11011,WARN,missing_receipt_date_using_collected_at,False,False,none
5930,00126380,2025,11011,,자본변동표,기초자본,391687603000000.0,353233775000000.0,KRW,4,,,,2026-06-30T09:00:00,2026-06-30,2025-12-31,False,,dart:5930:2025:11011,WARN,missing_receipt_date_using_collected_at,False,False,none
5930,00126380,2025,11011,,자본변동표,기초자본,10504467000000.0,10444090000000.0,KRW,4,,,,2026-06-30T09:00:00,2026-06-30,2025-12-31,False,,dart:5930:2025:11011,WARN,missing_receipt_date_using_collected_at,False,False,none
5930,00126380,2025,11011,,자본변동표,기초자본,402192070000000.0,363677865000000.0,KRW,4,,,,2026-06-30T09:00:00,2026-06-30,2025-12-31,False,,dart:5930:2025:11011,WARN,missing_receipt_date_using_collected_at,False,False,none
5930,00126380,2025,11011,,자본변동표,기초자본,4403893000000.0,4403893000000.0,KRW,4,,,,2026-06-30T09:00:00,2026-06-30,2025-12-31,False,,dart:5930:2025:11011,WARN,missing_receipt_date_using_collected_at,False,False,none
5930,00126380,2025,11011,,자본변동표,연결실체내 자본거래 등,-973000000.0,-8511000000.0,KRW,5,,,,2026-06-30T09:00:00,2026-06-30,2025-12-31,False,,dart:5930:2025:11011,WARN,missing_receipt_date_using_collected_at,False,False,none
5930,00126380,2025,11011,,자본변동표,연결실체내 자본거래 등,-973000000.0,-8511000000.0,KRW,5,,,,2026-06-30T09:00:00,2026-06-30,2025-12-31,False,,dart:5930:2025:11011,WARN,missing_receipt_date_using_collected_at,False,False,none
5930,00126380,2025,11011,,자본변동표,연결실체내 자본거래 등,0.0,0.0,KRW,5,,,,2026-06-30T09:00:00,2026-06-30,2025-12-31,False,,dart:5930:2025:11011,WARN,missing_receipt_date_using_collected_at,False,False,none
5930,00126380,2025,11011,,자본변동표,연결실체내 자본거래 등,0.0,0.0,KRW,5,,,,2026-06-30T09:00:00,2026-06-30,2025-12-31,False,,dart:5930:2025:11011,WARN,missing_receipt_date_using_collected_at,False,False,none
5930,00126380,2025,11011,,자본변동표,연결실체내 자본거래 등,0.0,0.0,KRW,5,,,,2026-06-30T09:00:00,2026-06-30,2025-12-31,False,,dart:5930:2025:11011,WARN,missing_receipt_date_using_collected_at,False,False,none
5930,00126380,2025,11011,,자본변동표,연결실체내 자본거래 등,0.0,0.0,KRW,5,,,,2026-06-30T09:00:00,2026-06-30,2025-12-31,False,,dart:5930:2025:11011,WARN,missing_receipt_date_using_collected_at,False,False,none
5930,00126380,2025,11011,,자본변동표,연결실체내 자본거래 등,0.0,0.0,KRW,5,,,,2026-06-30T09:00:00,2026-06-30,2025-12-31,False,,dart:5930:2025:11011,WARN,missing_receipt_date_using_collected_at,False,False,none
5930,00126380,2025,11011,,자본변동표,자기주식의 소각,0.0,0.0,KRW,6,,,,2026-06-30T09:00:00,2026-06-30,2025-12-31,False,,dart:5930:2025:11011,WARN,missing_receipt_date_using_collected_at,False,False,none
5930,00126380,2025,11011,,자본변동표,자기주식의 소각,0.0,0.0,KRW,6,,,,2026-06-30T09:00:00,2026-06-30,2025-12-31,False,,dart:5930:2025:11011,WARN,missing_receipt_date_using_collected_at,False,False,none
5930,00126380,2025,11011,,자본변동표,자기주식의 소각,0.0,0.0,KRW,6,,,,2026-06-30T09:00:00,2026-06-30,2025-12-31,False,,dart:5930:2025:11011,WARN,missing_receipt_date_using_collected_at,False,False,none
5930,00126380,2025,11011,,자본변동표,자기주식의 소각,3049041000000.0,0.0,KRW,6,,,,2026-06-30T09:00:00,2026-06-30,2025-12-31,False,,dart:5930:2025:11011,WARN,missing_receipt_date_using_collected_at,False,False,none
5930,00126380,2025,11011,,자본변동표,자기주식의 소각,-3049041000000.0,0.0,KRW,6,,,,2026-06-30T09:00:00,2026-06-30,2025-12-31,False,,dart:5930:2025:11011,WARN,missing_receipt_date_using_collected_at,False,False,none
5930,00126380,2025,11011,,자본변동표,자기주식의 소각,0.0,0.0,KRW,6,,,,2026-06-30T09:00:00,2026-06-30,2025-12-31,False,,dart:5930:2025:11011,WARN,missing_receipt_date_using_collected_at,False,False,none
5930,00126380,2025,11011,,자본변동표,자기주식의 소각,0.0,0.0,KRW,6,,,,2026-06-30T09:00:00,2026-06-30,2025-12-31,False,,dart:5930:2025:11011,WARN,missing_receipt_date_using_collected_at,False,False,none
5930,00126380,2025,11011,,자본변동표,배당,9808728000000.0,9809437000000.0,KRW,7,,,,2026-06-30T09:00:00,2026-06-30,2025-12-31,False,,dart:5930:2025:11011,WARN,missing_receipt_date_using_collected_at,False,False,none
5930,00126380,2025,11011,,자본변동표,배당,87444000000.0,1102625000000.0,KRW,7,,,,2026-06-30T09:00:00,2026-06-30,2025-12-31,False,,dart:5930:2025:11011,WARN,missing_receipt_date_using_collected_at,False,False,none
5930,00126380,2025,11011,,자본변동표,배당,9896172000000.0,10912062000000.0,KRW,7,,,,2026-06-30T09:00:00,2026-06-30,2025-12-31,False,,dart:5930:2025:11011,WARN,missing_receipt_date_using_collected_at,False,False,none
5930,00126380,2025,11011,,자본변동표,배당,0.0,0.0,KRW,7,,,,2026-06-30T09:00:00,2026-06-30,2025-12-31,False,,dart:5930:2025:11011,WARN,missing_receipt_date_using_collected_at,False,False,none
5930,00126380,2025,11011,,자본변동표,배당,0.0,0.0,KRW,7,,,,2026-06-30T09:00:00,2026-06-30,2025-12-31,False,,dart:5930:2025:11011,WARN,missing_receipt_date_using_collected_at,False,False,none
5930,00126380,2025,11011,,자본변동표,배당,0.0,0.0,KRW,7,,,,2026-06-30T09:00:00,2026-06-30,2025-12-31,False,,dart:5930:2025:11011,WARN,missing_receipt_date_using_collected_at,False,False,none
5930,00126380,2025,11011,,자본변동표,배당,9808728000000.0,9809437000000.0,KRW,7,,,,2026-06-30T09:00:00,2026-06-30,2025-12-31,False,,dart:5930:2025:11011,WARN,missing_receipt_date_using_collected_at,False,False,none
5930,00126380,2025,11011,,자본변동표,자본총계,897514000000.0,897514000000.0,KRW,8,,,,2026-06-30T09:00:00,2026-06-30,2025-12-31,False,,dart:5930:2025:11011,WARN,missing_receipt_date_using_collected_at,False,False,none
5930,00126380,2025,11011,,자본변동표,자본총계,402135600000000.0,370513188000000.0,KRW,8,,,,2026-06-30T09:00:00,2026-06-30,2025-12-31,False,,dart:5930:2025:11011,WARN,missing_receipt_date_using_collected_at,False,False,none
5930,00126380,2025,11011,,자본변동표,자본총계,16876248000000.0,15873008000000.0,KRW,8,,,,2026-06-30T09:00:00,2026-06-30,2025-12-31,False,,dart:5930:2025:11011,WARN,missing_receipt_date_using_collected_at,False,False,none
5930,00126380,2025,11011,,자본변동표,자본총계,424313255000000.0,391687603000000.0,KRW,8,,,,2026-06-30T09:00:00,2026-06-30,2025-12-31,False,,dart:5930:2025:11011,WARN,missing_receipt_date_using_collected_at,False,False,none
5930,00126380,2025,11011,,자본변동표,자본총계,12007082000000.0,10504467000000.0,KRW,8,,,,2026-06-30T09:00:00,2026-06-30,2025-12-31,False,,dart:5930:2025:11011,WARN,missing_receipt_date_using_collected_at,False,False,none
5930,00126380,2025,11011,,자본변동표,자본총계,436320337000000.0,402192070000000.0,KRW,8,,,,2026-06-30T09:00:00,2026-06-30,2025-12-31,False,,dart:5930:2025:11011,WARN,missing_receipt_date_using_collected_at,False,False,none
5930,00126380,2025,11011,,자본변동표,자본총계,4403893000000.0,4403893000000.0,KRW,8,,,,2026-06-30T09:00:00,2026-06-30,2025-12-31,False,,dart:5930:2025:11011,WARN,missing_receipt_date_using_collected_at,False,False,none
5930,00126380,2025,11011,,자본변동표,현금흐름위험회피파생상품평가손익,0.0,0.0,KRW,9,,,,2026-06-30T09:00:00,2026-06-30,2025-12-31,False,,dart:5930:2025:11011,WARN,missing_receipt_date_using_collected_at,False,False,none
5930,00126380,2025,11011,,자본변동표,현금흐름위험회피파생상품평가손익,0.0,0.0,KRW,9,,,,2026-06-30T09:00:00,2026-06-30,2025-12-31,False,,dart:5930:2025:11011,WARN,missing_receipt_date_using_collected_at,False,False,none
5930,00126380,2025,11011,,자본변동표,현금흐름위험회피파생상품평가손익,1706000000.0,-38946000000.0,KRW,9,,,,2026-06-30T09:00:00,2026-06-30,2025-12-31,False,,dart:5930:2025:11011,WARN,missing_receipt_date_using_collected_at,False,False,none
5930,00126380,2025,11011,,자본변동표,현금흐름위험회피파생상품평가손익,1706000000.0,-38946000000.0,KRW,9,,,,2026-06-30T09:00:00,2026-06-30,2025-12-31,False,,dart:5930:2025:11011,WARN,missing_receipt_date_using_collected_at,False,False,none
5930,00126380,2025,11011,,자본변동표,현금흐름위험회피파생상품평가손익,0.0,0.0,KRW,9,,,,2026-06-30T09:00:00,2026-06-30,2025-12-31,False,,dart:5930:2025:11011,WARN,missing_receipt_date_using_collected_at,False,False,none
5930,00126380,2025,11011,,자본변동표,현금흐름위험회피파생상품평가손익,1706000000.0,-38946000000.0,KRW,9,,,,2026-06-30T09:00:00,2026-06-30,2025-12-31,False,,dart:5930:2025:11011,WARN,missing_receipt_date_using_collected_at,False,False,none
5930,00126380,2025,11011,,자본변동표,현금흐름위험회피파생상품평가손익,0.0,0.0,KRW,9,,,,2026-06-30T09:00:00,2026-06-30,2025-12-31,False,,dart:5930:2025:11011,WARN,missing_receipt_date_using_collected_at,False,False,none
5930,00126380,2025,11011,,자본변동표,해외사업장환산외환차이,960019000000.0,15116099000000.0,KRW,10,,,,2026-06-30T09:00:00,2026-06-30,2025-12-31,False,,dart:5930:2025:11011,WARN,missing_receipt_date_using_collected_at,False,False,none
5930,00126380,2025,11011,,자본변동표,해외사업장환산외환차이,-43107000000.0,152251000000.0,KRW,10,,,,2026-06-30T09:00:00,2026-06-30,2025-12-31,False,,dart:5930:2025:11011,WARN,missing_receipt_date_using_collected_at,False,False,none
5930,00126380,2025,11011,,자본변동표,해외사업장환산외환차이,1003126000000.0,14963848000000.0,KRW,10,,,,2026-06-30T09:00:00,2026-06-30,2025-12-31,False,,dart:5930:2025:11011,WARN,missing_receipt_date_using_collected_at,False,False,none
5930,00126380,2025,11011,,자본변동표,해외사업장환산외환차이,1003126000000.0,14963848000000.0,KRW,10,,,,2026-06-30T09:00:00,2026-06-30,2025-12-31,False,,dart:5930:2025:11011,WARN,missing_receipt_date_using_collected_at,False,False,none
5930,00126380,2025,11011,,자본변동표,해외사업장환산외환차이,0.0,0.0,KRW,10,,,,2026-06-30T09:00:00,2026-06-30,2025-12-31,False,,dart:5930:2025:11011,WARN,missing_receipt_date_using_collected_at,False,False,none
5930,00126380,2025,11011,,자본변동표,해외사업장환산외환차이,0.0,0.0,KRW,10,,,,2026-06-30T09:00:00,2026-06-30,2025-12-31,False,,dart:5930:2025:11011,WARN,missing_receipt_date_using_collected_at,False,False,none
5930,00126380,2025,11011,,자본변동표,해외사업장환산외환차이,0.0,0.0,KRW,10,,,,2026-06-30T09:00:00,2026-06-30,2025-12-31,False,,dart:5930:2025:11011,WARN,missing_receipt_date_using_collected_at,False,False,none
5930,00126380,2025,11011,,자본변동표,주식기준보상,711447000000.0,0.0,KRW,11,,,,2026-06-30T09:00:00,2026-06-30,2025-12-31,False,,dart:5930:2025:11011,WARN,missing_receipt_date_using_collected_at,False,False,none
5930,00126380,2025,11011,,자본변동표,주식기준보상,0.0,0.0,KRW,11,,,,2026-06-30T09:00:00,2026-06-30,2025-12-31,False,,dart:5930:2025:11011,WARN,missing_receipt_date_using_collected_at,False,False,none
5930,00126380,2025,11011,,자본변동표,주식기준보상,711447000000.0,0.0,KRW,11,,,,2026-06-30T09:00:00,2026-06-30,2025-12-31,False,,dart:5930:2025:11011,WARN,missing_receipt_date_using_collected_at,False,False,none
5930,00126380,2025,11011,,자본변동표,주식기준보상,0.0,0.0,KRW,11,,,,2026-06-30T09:00:00,2026-06-30,2025-12-31,False,,dart:5930:2025:11011,WARN,missing_receipt_date_using_collected_at,False,False,none
5930,00126380,2025,11011,,자본변동표,주식기준보상,0.0,0.0,KRW,11,,,,2026-06-30T09:00:00,2026-06-30,2025-12-31,False,,dart:5930:2025:11011,WARN,missing_receipt_date_using_collected_at,False,False,none
5930,00126380,2025,11011,,자본변동표,주식기준보상,711447000000.0,0.0,KRW,11,,,,2026-06-30T09:00:00,2026-06-30,2025-12-31,False,,dart:5930:2025:11011,WARN,missing_receipt_date_using_collected_at,False,False,none
5930,00126380,2025,11011,,자본변동표,주식기준보상,0.0,0.0,KRW,11,,,,2026-06-30T09:00:00,2026-06-30,2025-12-31,False,,dart:5930:2025:11011,WARN,missing_receipt_date_using_collected_at,False,False,none
5930,00126380,2025,11011,,자본변동표,기타,0.0,0.0,KRW,12,,,,2026-06-30T09:00:00,2026-06-30,2025-12-31,False,,dart:5930:2025:11011,WARN,missing_receipt_date_using_collected_at,False,False,none
5930,00126380,2025,11011,,자본변동표,기타,8233000000.0,26841000000.0,KRW,12,,,,2026-06-30T09:00:00,2026-06-30,2025-12-31,False,,dart:5930:2025:11011,WARN,missing_receipt_date_using_collected_at,False,False,none
5930,00126380,2025,11011,,자본변동표,기타,8233000000.0,26841000000.0,KRW,12,,,,2026-06-30T09:00:00,2026-06-30,2025-12-31,False,,dart:5930:2025:11011,WARN,missing_receipt_date_using_collected_at,False,False,none
5930,00126380,2025,11011,,자본변동표,기타,0.0,0.0,KRW,12,,,,2026-06-30T09:00:00,2026-06-30,2025-12-31,False,,dart:5930:2025:11011,WARN,missing_receipt_date_using_collected_at,False,False,none
5930,00126380,2025,11011,,자본변동표,기타,0.0,0.0,KRW,12,,,,2026-06-30T09:00:00,2026-06-30,2025-12-31,False,,dart:5930:2025:11011,WARN,missing_receipt_date_using_collected_at,False,False,none
5930,00126380,2025,11011,,자본변동표,기타,0.0,0.0,KRW,12,,,,2026-06-30T09:00:00,2026-06-30,2025-12-31,False,,dart:5930:2025:11011,WARN,missing_receipt_date_using_collected_at,False,False,none
5930,00126380,2025,11011,,자본변동표,기타,8233000000.0,26841000000.0,KRW,12,,,,2026-06-30T09:00:00,2026-06-30,2025-12-31,False,,dart:5930:2025:11011,WARN,missing_receipt_date_using_collected_at,False,False,none
5930,00126380,2025,11011,,자본변동표,기타포괄손익-공정가치금융자산평가손익,4213173000000.0,2009920000000.0,KRW,13,,,,2026-06-30T09:00:00,2026-06-30,2025-12-31,False,,dart:5930:2025:11011,WARN,missing_receipt_date_using_collected_at,False,False,none
5930,00126380,2025,11011,,자본변동표,기타포괄손익-공정가치금융자산평가손익,465165000000.0,290246000000.0,KRW,13,,,,2026-06-30T09:00:00,2026-06-30,2025-12-31,False,,dart:5930:2025:11011,WARN,missing_receipt_date_using_collected_at,False,False,none
5930,00126380,2025,11011,,자본변동표,기타포괄손익-공정가치금융자산평가손익,4678338000000.0,2300166000000.0,KRW,13,,,,2026-06-30T09:00:00,2026-06-30,2025-12-31,False,,dart:5930:2025:11011,WARN,missing_receipt_date_using_collected_at,False,False,none
5930,00126380,2025,11011,,자본변동표,기타포괄손익-공정가치금융자산평가손익,3993948000000.0,1960896000000.0,KRW,13,,,,2026-06-30T09:00:00,2026-06-30,2025-12-31,False,,dart:5930:2025:11011,WARN,missing_receipt_date_using_collected_at,False,False,none
5930,00126380,2025,11011,,자본변동표,기타포괄손익-공정가치금융자산평가손익,219225000000.0,49024000000.0,KRW,13,,,,2026-06-30T09:00:00,2026-06-30,2025-12-31,False,,dart:5930:2025:11011,WARN,missing_receipt_date_using_collected_at,False,False,none
5930,00126380,2025,11011,,자본변동표,기타포괄손익-공정가치금융자산평가손익,0.0,0.0,KRW,13,,,,2026-06-30T09:00:00,2026-06-30,2025-12-31,False,,dart:5930:2025:11011,WARN,missing_receipt_date_using_collected_at,False,False,none
5930,00126380,2025,11011,,자본변동표,기타포괄손익-공정가치금융자산평가손익,0.0,0.0,KRW,13,,,,2026-06-30T09:00:00,2026-06-30,2025-12-31,False,,dart:5930:2025:11011,WARN,missing_receipt_date_using_collected_at,False,False,none
5930,00126380,2025,11011,,자본변동표,순확정급여부채(자산) 재측정요소,106691000000.0,-766078000000.0,KRW,14,,,,2026-06-30T09:00:00,2026-06-30,2025-12-31,False,,dart:5930:2025:11011,WARN,missing_receipt_date_using_collected_at,False,False,none
5930,00126380,2025,11011,,자본변동표,순확정급여부채(자산) 재측정요소,17941000000.0,-18661000000.0,KRW,14,,,,2026-06-30T09:00:00,2026-06-30,2025-12-31,False,,dart:5930:2025:11011,WARN,missing_receipt_date_using_collected_at,False,False,none
5930,00126380,2025,11011,,자본변동표,순확정급여부채(자산) 재측정요소,88750000000.0,-747417000000.0,KRW,14,,,,2026-06-30T09:00:00,2026-06-30,2025-12-31,False,,dart:5930:2025:11011,WARN,missing_receipt_date_using_collected_at,False,False,none
5930,00126380,2025,11011,,자본변동표,순확정급여부채(자산) 재측정요소,88750000000.0,-747417000000.0,KRW,14,,,,2026-06-30T09:00:00,2026-06-30,2025-12-31,False,,dart:5930:2025:11011,WARN,missing_receipt_date_using_collected_at,False,False,none
5930,00126380,2025,11011,,자본변동표,순확정급여부채(자산) 재측정요소,0.0,0.0,KRW,14,,,,2026-06-30T09:00:00,2026-06-30,2025-12-31,False,,dart:5930:2025:11011,WARN,missing_receipt_date_using_collected_at,False,False,none
5930,00126380,2025,11011,,자본변동표,순확정급여부채(자산) 재측정요소,0.0,0.0,KRW,14,,,,2026-06-30T09:00:00,2026-06-30,2025-12-31,False,,dart:5930:2025:11011,WARN,missing_receipt_date_using_collected_at,False,False,none
5930,00126380,2025,11011,,자본변동표,순확정급여부채(자산) 재측정요소,0.0,0.0,KRW,14,,,,2026-06-30T09:00:00,2026-06-30,2025-12-31,False,,dart:5930:2025:11011,WARN,missing_receipt_date_using_collected_at,False,False,none
5930,00126380,2025,11011,,자본변동표,당기순이익,44260956000000.0,33621363000000.0,KRW,15,,,,2026-06-30T09:00:00,2026-06-30,2025-12-31,False,,dart:5930:2025:11011,WARN,missing_receipt_date_using_collected_at,False,False,none
5930,00126380,2025,11011,,자본변동표,당기순이익,945849000000.0,829988000000.0,KRW,15,,,,2026-06-30T09:00:00,2026-06-30,2025-12-31,False,,dart:5930:2025:11011,WARN,missing_receipt_date_using_collected_at,False,False,none
5930,00126380,2025,11011,,자본변동표,당기순이익,45206805000000.0,34451351000000.0,KRW,15,,,,2026-06-30T09:00:00,2026-06-30,2025-12-31,False,,dart:5930:2025:11011,WARN,missing_receipt_date_using_collected_at,False,False,none
5930,00126380,2025,11011,,자본변동표,당기순이익,0.0,0.0,KRW,15,,,,2026-06-30T09:00:00,2026-06-30,2025-12-31,False,,dart:5930:2025:11011,WARN,missing_receipt_date_using_collected_at,False,False,none
5930,00126380,2025,11011,,자본변동표,당기순이익,0.0,0.0,KRW,15,,,,2026-06-30T09:00:00,2026-06-30,2025-12-31,False,,dart:5930:2025:11011,WARN,missing_receipt_date_using_collected_at,False,False,none
5930,00126380,2025,11011,,자본변동표,당기순이익,0.0,0.0,KRW,15,,,,2026-06-30T09:00:00,2026-06-30,2025-12-31,False,,dart:5930:2025:11011,WARN,missing_receipt_date_using_collected_at,False,False,none
5930,00126380,2025,11011,,자본변동표,당기순이익,44260956000000.0,33621363000000.0,KRW,15,,,,2026-06-30T09:00:00,2026-06-30,2025-12-31,False,,dart:5930:2025:11011,WARN,missing_receipt_date_using_collected_at,False,False,none
5930,00126380,2025,11011,,자본변동표,자기주식의 취득,8189263000000.0,1811775000000.0,KRW,16,,,,2026-06-30T09:00:00,2026-06-30,2025-12-31,False,,dart:5930:2025:11011,WARN,missing_receipt_date_using_collected_at,False,False,none
5930,00126380,2025,11011,,자본변동표,자기주식의 취득,0.0,0.0,KRW,16,,,,2026-06-30T09:00:00,2026-06-30,2025-12-31,False,,dart:5930:2025:11011,WARN,missing_receipt_date_using_collected_at,False,False,none
5930,00126380,2025,11011,,자본변동표,자기주식의 취득,8189263000000.0,1811775000000.0,KRW,16,,,,2026-06-30T09:00:00,2026-06-30,2025-12-31,False,,dart:5930:2025:11011,WARN,missing_receipt_date_using_collected_at,False,False,none
5930,00126380,2025,11011,,자본변동표,자기주식의 취득,8189263000000.0,1811775000000.0,KRW,16,,,,2026-06-30T09:00:00,2026-06-30,2025-12-31,False,,dart:5930:2025:11011,WARN,missing_receipt_date_using_collected_at,False,False,none
5930,00126380,2025,11011,,자본변동표,자기주식의 취득,0.0,0.0,KRW,16,,,,2026-06-30T09:00:00,2026-06-30,2025-12-31,False,,dart:5930:2025:11011,WARN,missing_receipt_date_using_collected_at,False,False,none
5930,00126380,2025,11011,,자본변동표,자기주식의 취득,0.0,0.0,KRW,16,,,,2026-06-30T09:00:00,2026-06-30,2025-12-31,False,,dart:5930:2025:11011,WARN,missing_receipt_date_using_collected_at,False,False,none
5930,00126380,2025,11011,,자본변동표,자기주식의 취득,0.0,0.0,KRW,16,,,,2026-06-30T09:00:00,2026-06-30,2025-12-31,False,,dart:5930:2025:11011,WARN,missing_receipt_date_using_collected_at,False,False,none
5930,00126380,2025,11011,,자본변동표,관계기업 및 공동기업의 기타포괄손익에 대한 지분,336965000000.0,233746000000.0,KRW,17,,,,2026-06-30T09:00:00,2026-06-30,2025-12-31,False,,dart:5930:2025:11011,WARN,missing_receipt_date_using_collected_at,False,False,none
5930,00126380,2025,11011,,자본변동표,관계기업 및 공동기업의 기타포괄손익에 대한 지분,713000000.0,-5685000000.0,KRW,17,,,,2026-06-30T09:00:00,2026-06-30,2025-12-31,False,,dart:5930:2025:11011,WARN,missing_receipt_date_using_collected_at,False,False,none
5930,00126380,2025,11011,,자본변동표,관계기업 및 공동기업의 기타포괄손익에 대한 지분,336252000000.0,239431000000.0,KRW,17,,,,2026-06-30T09:00:00,2026-06-30,2025-12-31,False,,dart:5930:2025:11011,WARN,missing_receipt_date_using_collected_at,False,False,none
5930,00126380,2025,11011,,자본변동표,관계기업 및 공동기업의 기타포괄손익에 대한 지분,0.0,0.0,KRW,17,,,,2026-06-30T09:00:00,2026-06-30,2025-12-31,False,,dart:5930:2025:11011,WARN,missing_receipt_date_using_collected_at,False,False,none
5930,00126380,2025,11011,,자본변동표,관계기업 및 공동기업의 기타포괄손익에 대한 지분,0.0,0.0,KRW,17,,,,2026-06-30T09:00:00,2026-06-30,2025-12-31,False,,dart:5930:2025:11011,WARN,missing_receipt_date_using_collected_at,False,False,none
5930,00126380,2025,11011,,자본변동표,관계기업 및 공동기업의 기타포괄손익에 대한 지분,336252000000.0,239431000000.0,KRW,17,,,,2026-06-30T09:00:00,2026-06-30,2025-12-31,False,,dart:5930:2025:11011,WARN,missing_receipt_date_using_collected_at,False,False,none
5930,00126380,2025,11011,,자본변동표,관계기업 및 공동기업의 기타포괄손익에 대한 지분,0.0,0.0,KRW,17,,,,2026-06-30T09:00:00,2026-06-30,2025-12-31,False,,dart:5930:2025:11011,WARN,missing_receipt_date_using_collected_at,False,False,none
660,00164779,2025,11011,,재무상태표,자산총계,176107659000000.0,119855209000000.0,KRW,7,,,,2026-06-30T09:00:00,2026-06-30,2025-12-31,False,,dart:660:2025:11011,WARN,missing_receipt_date_using_collected_at,False,False,none
660,00164779,2025,11011,,재무상태표,유동자산,69458073000000.0,42278887000000.0,KRW,8,,,,2026-06-30T09:00:00,2026-06-30,2025-12-31,False,,dart:660:2025:11011,WARN,missing_receipt_date_using_collected_at,False,False,none
660,00164779,2025,11011,,재무상태표,현금및현금성자산,14923766000000.0,11205117000000.0,KRW,9,,,,2026-06-30T09:00:00,2026-06-30,2025-12-31,False,,dart:660:2025:11011,WARN,missing_receipt_date_using_collected_at,False,False,none
660,00164779,2025,11011,,재무상태표,단기투자자산,5338768000000.0,569236000000.0,KRW,10,,,,2026-06-30T09:00:00,2026-06-30,2025-12-31,False,,dart:660:2025:11011,WARN,missing_receipt_date_using_collected_at,False,False,none
660,00164779,2025,11011,,재무상태표,당기법인세자산,67715000000.0,57467000000.0,KRW,11,,,,2026-06-30T09:00:00,2026-06-30,2025-12-31,False,,dart:660:2025:11011,WARN,missing_receipt_date_using_collected_at,False,False,none
660,00164779,2025,11011,,재무상태표,매출채권,18199078000000.0,13019006000000.0,KRW,12,,,,2026-06-30T09:00:00,2026-06-30,2025-12-31,False,,dart:660:2025:11011,WARN,missing_receipt_date_using_collected_at,False,False,none
660,00164779,2025,11011,,재무상태표,재고자산,14289390000000.0,13313937000000.0,KRW,13,,,,2026-06-30T09:00:00,2026-06-30,2025-12-31,False,,dart:660:2025:11011,WARN,missing_receipt_date_using_collected_at,False,False,none
660,00164779,2025,11011,,재무상태표,매각예정자산,0.0,0.0,KRW,14,,,,2026-06-30T09:00:00,2026-06-30,2025-12-31,False,,dart:660:2025:11011,WARN,missing_receipt_date_using_collected_at,False,False,none
660,00164779,2025,11011,,재무상태표,기타유동자산,1378035000000.0,1393744000000.0,KRW,15,,,,2026-06-30T09:00:00,2026-06-30,2025-12-31,False,,dart:660:2025:11011,WARN,missing_receipt_date_using_collected_at,False,False,none
660,00164779,2025,11011,,재무상태표,기타금융자산,195259000000.0,45309000000.0,KRW,16,,,,2026-06-30T09:00:00,2026-06-30,2025-12-31,False,,dart:660:2025:11011,WARN,missing_receipt_date_using_collected_at,False,False,none
660,00164779,2025,11011,,재무상태표,기타수취채권,386343000000.0,293061000000.0,KRW,17,,,,2026-06-30T09:00:00,2026-06-30,2025-12-31,False,,dart:660:2025:11011,WARN,missing_receipt_date_using_collected_at,False,False,none
660,00164779,2025,11011,,재무상태표,단기금융상품,14679719000000.0,2382010000000.0,KRW,18,,,,2026-06-30T09:00:00,2026-06-30,2025-12-31,False,,dart:660:2025:11011,WARN,missing_receipt_date_using_collected_at,False,False,none
660,00164779,2025,11011,,재무상태표,비유동자산,106649586000000.0,77576322000000.0,KRW,19,,,,2026-06-30T09:00:00,2026-06-30,2025-12-31,False,,dart:660:2025:11011,WARN,missing_receipt_date_using_collected_at,False,False,none
660,00164779,2025,11011,,재무상태표,이연법인세자산,3660493000000.0,2811559000000.0,KRW,20,,,,2026-06-30T09:00:00,2026-06-30,2025-12-31,False,,dart:660:2025:11011,WARN,missing_receipt_date_using_collected_at,False,False,none
660,00164779,2025,11011,,재무상태표,무형자산,4049402000000.0,4018847000000.0,KRW,21,,,,2026-06-30T09:00:00,2026-06-30,2025-12-31,False,,dart:660:2025:11011,WARN,missing_receipt_date_using_collected_at,False,False,none
660,00164779,2025,11011,,재무상태표,관계기업 및 공동기업투자,1320927000000.0,1940663000000.0,KRW,22,,,,2026-06-30T09:00:00,2026-06-30,2025-12-31,False,,dart:660:2025:11011,WARN,missing_receipt_date_using_collected_at,False,False,none
660,00164779,2025,11011,,재무상태표,투자부동산,188000000.0,200000000.0,KRW,23,,,,2026-06-30T09:00:00,2026-06-30,2025-12-31,False,,dart:660:2025:11011,WARN,missing_receipt_date_using_collected_at,False,False,none
660,00164779,2025,11011,,재무상태표,장기투자자산,14547099000000.0,4041276000000.0,KRW,24,,,,2026-06-30T09:00:00,2026-06-30,2025-12-31,False,,dart:660:2025:11011,WARN,missing_receipt_date_using_collected_at,False,False,none
660,00164779,2025,11011,,재무상태표,종업원급여자산,1552888000000.0,1154255000000.0,KRW,25,,,,2026-06-30T09:00:00,2026-06-30,2025-12-31,False,,dart:660:2025:11011,WARN,missing_receipt_date_using_collected_at,False,False,none
660,00164779,2025,11011,,재무상태표,기타비유동자산,144930000000.0,174142000000.0,KRW,26,,,,2026-06-30T09:00:00,2026-06-30,2025-12-31,False,,dart:660:2025:11011,WARN,missing_receipt_date_using_collected_at,False,False,none
660,00164779,2025,11011,,재무상태표,기타금융자산,1114462000000.0,346749000000.0,KRW,27,,,,2026-06-30T09:00:00,2026-06-30,2025-12-31,False,,dart:660:2025:11011,WARN,missing_receipt_date_using_collected_at,False,False,none
660,00164779,2025,11011,,재무상태표,기타수취채권,420036000000.0,444286000000.0,KRW,28,,,,2026-06-30T09:00:00,2026-06-30,2025-12-31,False,,dart:660:2025:11011,WARN,missing_receipt_date_using_collected_at,False,False,none
660,00164779,2025,11011,,재무상태표,유형자산,77502704000000.0,60157474000000.0,KRW,29,,,,2026-06-30T09:00:00,2026-06-30,2025-12-31,False,,dart:660:2025:11011,WARN,missing_receipt_date_using_collected_at,False,False,none
660,00164779,2025,11011,,재무상태표,사용권자산,2336457000000.0,2486871000000.0,KRW,30,,,,2026-06-30T09:00:00,2026-06-30,2025-12-31,False,,dart:660:2025:11011,WARN,missing_receipt_date_using_collected_at,False,False,none
660,00164779,2025,11011,,재무상태표,자본총계,120666751000000.0,73915704000000.0,KRW,32,,,,2026-06-30T09:00:00,2026-06-30,2025-12-31,False,,dart:660:2025:11011,WARN,missing_receipt_date_using_collected_at,False,False,none
660,00164779,2025,11011,,재무상태표,지배기업의 소유지분,120516178000000.0,73903394000000.0,KRW,33,,,,2026-06-30T09:00:00,2026-06-30,2025-12-31,False,,dart:660:2025:11011,WARN,missing_receipt_date_using_collected_at,False,False,none
660,00164779,2025,11011,,재무상태표,자본잉여금,8953714000000.0,4487123000000.0,KRW,34,,,,2026-06-30T09:00:00,2026-06-30,2025-12-31,False,,dart:660:2025:11011,WARN,missing_receipt_date_using_collected_at,False,False,none
660,00164779,2025,11011,,재무상태표,기타자본,-1348598000000.0,-2191549000000.0,KRW,35,,,,2026-06-30T09:00:00,2026-06-30,2025-12-31,False,,dart:660:2025:11011,WARN,missing_receipt_date_using_collected_at,False,False,none
660,00164779,2025,11011,,재무상태표,기타포괄손익누계액,2676862000000.0,2532107000000.0,KRW,36,,,,2026-06-30T09:00:00,2026-06-30,2025-12-31,False,,dart:660:2025:11011,WARN,missing_receipt_date_using_collected_at,False,False,none
660,00164779,2025,11011,,재무상태표,자본금,3657652000000.0,3657652000000.0,KRW,37,,,,2026-06-30T09:00:00,2026-06-30,2025-12-31,False,,dart:660:2025:11011,WARN,missing_receipt_date_using_collected_at,False,False,none
660,00164779,2025,11011,,재무상태표,이익잉여금,106576548000000.0,65418061000000.0,KRW,38,,,,2026-06-30T09:00:00,2026-06-30,2025-12-31,False,,dart:660:2025:11011,WARN,missing_receipt_date_using_collected_at,False,False,none
660,00164779,2025,11011,,재무상태표,비지배지분,150573000000.0,12310000000.0,KRW,39,,,,2026-06-30T09:00:00,2026-06-30,2025-12-31,False,,dart:660:2025:11011,WARN,missing_receipt_date_using_collected_at,False,False,none
660,00164779,2025,11011,,재무상태표,부채및자본총계,176107659000000.0,119855209000000.0,KRW,40,,,,2026-06-30T09:00:00,2026-06-30,2025-12-31,False,,dart:660:2025:11011,WARN,missing_receipt_date_using_collected_at,False,False,none
660,00164779,2025,11011,,재무상태표,유동부채,37378999000000.0,24965444000000.0,KRW,42,,,,2026-06-30T09:00:00,2026-06-30,2025-12-31,False,,dart:660:2025:11011,WARN,missing_receipt_date_using_collected_at,False,False,none
660,00164779,2025,11011,,재무상태표,기타지급채무,6283111000000.0,3983543000000.0,KRW,43,,,,2026-06-30T09:00:00,2026-06-30,2025-12-31,False,,dart:660:2025:11011,WARN,missing_receipt_date_using_collected_at,False,False,none
660,00164779,2025,11011,,재무상태표,미지급금,6434144000000.0,6967013000000.0,KRW,44,,,,2026-06-30T09:00:00,2026-06-30,2025-12-31,False,,dart:660:2025:11011,WARN,missing_receipt_date_using_collected_at,False,False,none
660,00164779,2025,11011,,재무상태표,차입금,8161757000000.0,5252238000000.0,KRW,45,,,,2026-06-30T09:00:00,2026-06-30,2025-12-31,False,,dart:660:2025:11011,WARN,missing_receipt_date_using_collected_at,False,False,none
660,00164779,2025,11011,,재무상태표,리스부채,547296000000.0,588355000000.0,KRW,46,,,,2026-06-30T09:00:00,2026-06-30,2025-12-31,False,,dart:660:2025:11011,WARN,missing_receipt_date_using_collected_at,False,False,none
660,00164779,2025,11011,,재무상태표,충당부채,228937000000.0,270235000000.0,KRW,47,,,,2026-06-30T09:00:00,2026-06-30,2025-12-31,False,,dart:660:2025:11011,WARN,missing_receipt_date_using_collected_at,False,False,none
660,00164779,2025,11011,,재무상태표,당기법인세부채,7023813000000.0,3083950000000.0,KRW,48,,,,2026-06-30T09:00:00,2026-06-30,2025-12-31,False,,dart:660:2025:11011,WARN,missing_receipt_date_using_collected_at,False,False,none
660,00164779,2025,11011,,재무상태표,기타금융부채,4913879000000.0,1741587000000.0,KRW,49,,,,2026-06-30T09:00:00,2026-06-30,2025-12-31,False,,dart:660:2025:11011,WARN,missing_receipt_date_using_collected_at,False,False,none
660,00164779,2025,11011,,재무상태표,기타유동부채,937607000000.0,801176000000.0,KRW,50,,,,2026-06-30T09:00:00,2026-06-30,2025-12-31,False,,dart:660:2025:11011,WARN,missing_receipt_date_using_collected_at,False,False,none
660,00164779,2025,11011,,재무상태표,매입채무,2848455000000.0,2277347000000.0,KRW,51,,,,2026-06-30T09:00:00,2026-06-30,2025-12-31,False,,dart:660:2025:11011,WARN,missing_receipt_date_using_collected_at,False,False,none
660,00164779,2025,11011,,재무상태표,부채총계,55440908000000.0,45939505000000.0,KRW,52,,,,2026-06-30T09:00:00,2026-06-30,2025-12-31,False,,dart:660:2025:11011,WARN,missing_receipt_date_using_collected_at,False,False,none
660,00164779,2025,11011,,재무상태표,비유동부채,18061909000000.0,20974061000000.0,KRW,53,,,,2026-06-30T09:00:00,2026-06-30,2025-12-31,False,,dart:660:2025:11011,WARN,missing_receipt_date_using_collected_at,False,False,none
660,00164779,2025,11011,,재무상태표,기타지급채무,19970000000.0,51897000000.0,KRW,54,,,,2026-06-30T09:00:00,2026-06-30,2025-12-31,False,,dart:660:2025:11011,WARN,missing_receipt_date_using_collected_at,False,False,none
660,00164779,2025,11011,,재무상태표,이연법인세부채,248395000000.0,217852000000.0,KRW,55,,,,2026-06-30T09:00:00,2026-06-30,2025-12-31,False,,dart:660:2025:11011,WARN,missing_receipt_date_using_collected_at,False,False,none
660,00164779,2025,11011,,재무상태표,차입금,14086148000000.0,17431495000000.0,KRW,56,,,,2026-06-30T09:00:00,2026-06-30,2025-12-31,False,,dart:660:2025:11011,WARN,missing_receipt_date_using_collected_at,False,False,none
660,00164779,2025,11011,,재무상태표,리스부채,1962647000000.0,2180021000000.0,KRW,57,,,,2026-06-30T09:00:00,2026-06-30,2025-12-31,False,,dart:660:2025:11011,WARN,missing_receipt_date_using_collected_at,False,False,none
660,00164779,2025,11011,,재무상태표,충당부채,0.0,0.0,KRW,58,,,,2026-06-30T09:00:00,2026-06-30,2025-12-31,False,,dart:660:2025:11011,WARN,missing_receipt_date_using_collected_at,False,False,none
660,00164779,2025,11011,,재무상태표,확정급여부채,66144000000.0,68090000000.0,KRW,59,,,,2026-06-30T09:00:00,2026-06-30,2025-12-31,False,,dart:660:2025:11011,WARN,missing_receipt_date_using_collected_at,False,False,none
660,00164779,2025,11011,,재무상태표,기타금융부채,2487000000.0,5909000000.0,KRW,60,,,,2026-06-30T09:00:00,2026-06-30,2025-12-31,False,,dart:660:2025:11011,WARN,missing_receipt_date_using_collected_at,False,False,none
660,00164779,2025,11011,,재무상태표,기타비유동부채,1300977000000.0,541770000000.0,KRW,61,,,,2026-06-30T09:00:00,2026-06-30,2025-12-31,False,,dart:660:2025:11011,WARN,missing_receipt_date_using_collected_at,False,False,none
660,00164779,2025,11011,,재무상태표,장기미지급금,375141000000.0,477027000000.0,KRW,62,,,,2026-06-30T09:00:00,2026-06-30,2025-12-31,False,,dart:660:2025:11011,WARN,missing_receipt_date_using_collected_at,False,False,none
660,00164779,2025,11011,,포괄손익계산서,영업이익(손실),47206319000000.0,23467319000000.0,KRW,6,,,,2026-06-30T09:00:00,2026-06-30,2025-12-31,False,,dart:660:2025:11011,WARN,missing_receipt_date_using_collected_at,False,False,none
660,00164779,2025,11011,,포괄손익계산서,기타영업외수익,333277000000.0,1476579000000.0,KRW,7,,,,2026-06-30T09:00:00,2026-06-30,2025-12-31,False,,dart:660:2025:11011,WARN,missing_receipt_date_using_collected_at,False,False,none
660,00164779,2025,11011,,포괄손익계산서,기타영업외비용,377973000000.0,167388000000.0,KRW,8,,,,2026-06-30T09:00:00,2026-06-30,2025-12-31,False,,dart:660:2025:11011,WARN,missing_receipt_date_using_collected_at,False,False,none
660,00164779,2025,11011,,포괄손익계산서,판매비와관리비,11484471000000.0,8360827000000.0,KRW,9,,,,2026-06-30T09:00:00,2026-06-30,2025-12-31,False,,dart:660:2025:11011,WARN,missing_receipt_date_using_collected_at,False,False,none
660,00164779,2025,11011,,포괄손익계산서,총포괄이익(손실),43017348000000.0,21044422000000.0,KRW,10,,,,2026-06-30T09:00:00,2026-06-30,2025-12-31,False,,dart:660:2025:11011,WARN,missing_receipt_date_using_collected_at,False,False,none
660,00164779,2025,11011,,포괄손익계산서,비지배지분,32940000000.0,11299000000.0,KRW,12,,,,2026-06-30T09:00:00,2026-06-30,2025-12-31,False,,dart:660:2025:11011,WARN,missing_receipt_date_using_collected_at,False,False,none
660,00164779,2025,11011,,포괄손익계산서,지배기업의 소유주지분,42984408000000.0,21033123000000.0,KRW,13,,,,2026-06-30T09:00:00,2026-06-30,2025-12-31,False,,dart:660:2025:11011,WARN,missing_receipt_date_using_collected_at,False,False,none
660,00164779,2025,11011,,포괄손익계산서,매출원가,38455885000000.0,34364814000000.0,KRW,14,,,,2026-06-30T09:00:00,2026-06-30,2025-12-31,False,,dart:660:2025:11011,WARN,missing_receipt_date_using_collected_at,False,False,none
660,00164779,2025,11011,,포괄손익계산서,기본주당순이익(손실),62044.0,28732.0,KRW,16,,,,2026-06-30T09:00:00,2026-06-30,2025-12-31,False,,dart:660:2025:11011,WARN,missing_receipt_date_using_collected_at,False,False,none
660,00164779,2025,11011,,포괄손익계산서,희석주당순이익(손실),60378.0,28419.0,KRW,17,,,,2026-06-30T09:00:00,2026-06-30,2025-12-31,False,,dart:660:2025:11011,WARN,missing_receipt_date_using_collected_at,False,False,none
660,00164779,2025,11011,,포괄손익계산서,금융비용,12504998000000.0,5707997000000.0,KRW,18,,,,2026-06-30T09:00:00,2026-06-30,2025-12-31,False,,dart:660:2025:11011,WARN,missing_receipt_date_using_collected_at,False,False,none
660,00164779,2025,11011,,포괄손익계산서,금융수익,16373480000000.0,4855082000000.0,KRW,19,,,,2026-06-30T09:00:00,2026-06-30,2025-12-31,False,,dart:660:2025:11011,WARN,missing_receipt_date_using_collected_at,False,False,none
660,00164779,2025,11011,,포괄손익계산서,매출총이익(손실),58690790000000.0,31828146000000.0,KRW,20,,,,2026-06-30T09:00:00,2026-06-30,2025-12-31,False,,dart:660:2025:11011,WARN,missing_receipt_date_using_collected_at,False,False,none
660,00164779,2025,11011,,포괄손익계산서,법인세비용(수익),7517650000000.0,4088448000000.0,KRW,21,,,,2026-06-30T09:00:00,2026-06-30,2025-12-31,False,,dart:660:2025:11011,WARN,missing_receipt_date_using_collected_at,False,False,none
660,00164779,2025,11011,,포괄손익계산서,법인세차감후 기타포괄손익,69446000000.0,1247520000000.0,KRW,22,,,,2026-06-30T09:00:00,2026-06-30,2025-12-31,False,,dart:660:2025:11011,WARN,missing_receipt_date_using_collected_at,False,False,none
660,00164779,2025,11011,,포괄손익계산서,후속적으로 당기손익으로 재분류되는 포괄손익,149079000000.0,1521130000000.0,KRW,23,,,,2026-06-30T09:00:00,2026-06-30,2025-12-31,False,,dart:660:2025:11011,WARN,missing_receipt_date_using_collected_at,False,False,none
660,00164779,2025,11011,,포괄손익계산서,파생상품평가손익,2118000000.0,637000000.0,KRW,24,,,,2026-06-30T09:00:00,2026-06-30,2025-12-31,False,,dart:660:2025:11011,WARN,missing_receipt_date_using_collected_at,False,False,none
660,00164779,2025,11011,,포괄손익계산서,해외사업장환산외환차이,173701000000.0,1374587000000.0,KRW,25,,,,2026-06-30T09:00:00,2026-06-30,2025-12-31,False,,dart:660:2025:11011,WARN,missing_receipt_date_using_collected_at,False,False,none
660,00164779,2025,11011,,포괄손익계산서,관계기업의 기타포괄손익에 대한 지분,-26740000000.0,145906000000.0,KRW,26,,,,2026-06-30T09:00:00,2026-06-30,2025-12-31,False,,dart:660:2025:11011,WARN,missing_receipt_date_using_collected_at,False,False,none
660,00164779,2025,11011,,포괄손익계산서,후속적으로 당기손익으로 재분류되지 않는 포괄손익,-79633000000.0,-273610000000.0,KRW,27,,,,2026-06-30T09:00:00,2026-06-30,2025-12-31,False,,dart:660:2025:11011,WARN,missing_receipt_date_using_collected_at,False,False,none
660,00164779,2025,11011,,포괄손익계산서,확정급여제도의 재측정요소,-79633000000.0,-273610000000.0,KRW,28,,,,2026-06-30T09:00:00,2026-06-30,2025-12-31,False,,dart:660:2025:11011,WARN,missing_receipt_date_using_collected_at,False,False,none
660,00164779,2025,11011,,포괄손익계산서,당기순이익(손실),42947902000000.0,19796902000000.0,KRW,29,,,,2026-06-30T09:00:00,2026-06-30,2025-12-31,False,,dart:660:2025:11011,WARN,missing_receipt_date_using_collected_at,False,False,none
660,00164779,2025,11011,,포괄손익계산서,비지배지분,28615000000.0,8221000000.0,KRW,31,,,,2026-06-30T09:00:00,2026-06-30,2025-12-31,False,,dart:660:2025:11011,WARN,missing_receipt_date_using_collected_at,False,False,none
660,00164779,2025,11011,,포괄손익계산서,지배기업의 소유주지분,42919287000000.0,19788681000000.0,KRW,32,,,,2026-06-30T09:00:00,2026-06-30,2025-12-31,False,,dart:660:2025:11011,WARN,missing_receipt_date_using_collected_at,False,False,none
660,00164779,2025,11011,,포괄손익계산서,법인세비용차감전순이익(손실),50465552000000.0,23885350000000.0,KRW,33,,,,2026-06-30T09:00:00,2026-06-30,2025-12-31,False,,dart:660:2025:11011,WARN,missing_receipt_date_using_collected_at,False,False,none
660,00164779,2025,11011,,포괄손익계산서,매출액,97146675000000.0,66192960000000.0,KRW,34,,,,2026-06-30T09:00:00,2026-06-30,2025-12-31,False,,dart:660:2025:11011,WARN,missing_receipt_date_using_collected_at,False,False,none
660,00164779,2025,11011,,포괄손익계산서,지분법투자 관련 손익,-564553000000.0,-38245000000.0,KRW,35,,,,2026-06-30T09:00:00,2026-06-30,2025-12-31,False,,dart:660:2025:11011,WARN,missing_receipt_date_using_collected_at,False,False,none
660,00164779,2025,11011,,현금흐름표,기초 현금및현금성자산,11205117000000.0,7587329000000.0,KRW,2,,,,2026-06-30T09:00:00,2026-06-30,2025-12-31,False,,dart:660:2025:11011,WARN,missing_receipt_date_using_collected_at,False,False,none
660,00164779,2025,11011,,현금흐름표,기말 현금및현금성자산,14923766000000.0,11205117000000.0,KRW,3,,,,2026-06-30T09:00:00,2026-06-30,2025-12-31,False,,dart:660:2025:11011,WARN,missing_receipt_date_using_collected_at,False,False,none
660,00164779,2025,11011,,현금흐름표,재무활동 현금흐름,-1444992000000.0,-8703940000000.0,KRW,8,,,,2026-06-30T09:00:00,2026-06-30,2025-12-31,False,,dart:660:2025:11011,WARN,missing_receipt_date_using_collected_at,False,False,none
660,00164779,2025,11011,,현금흐름표,자기주식의 처분,65035000000.0,93829000000.0,KRW,9,,,,2026-06-30T09:00:00,2026-06-30,2025-12-31,False,,dart:660:2025:11011,WARN,missing_receipt_date_using_collected_at,False,False,none
660,00164779,2025,11011,,현금흐름표,주식선택권의 행사,0.0,0.0,KRW,10,,,,2026-06-30T09:00:00,2026-06-30,2025-12-31,False,,dart:660:2025:11011,WARN,missing_receipt_date_using_collected_at,False,False,none
660,00164779,2025,11011,,현금흐름표,종속기업 유상증자 및 소유지분변동,0.0,6032000000.0,KRW,11,,,,2026-06-30T09:00:00,2026-06-30,2025-12-31,False,,dart:660:2025:11011,WARN,missing_receipt_date_using_collected_at,False,False,none
660,00164779,2025,11011,,현금흐름표,배당금의 지급,1681166000000.0,826323000000.0,KRW,12,,,,2026-06-30T09:00:00,2026-06-30,2025-12-31,False,,dart:660:2025:11011,WARN,missing_receipt_date_using_collected_at,False,False,none
660,00164779,2025,11011,,현금흐름표,리스부채의 상환,596465000000.0,601821000000.0,KRW,13,,,,2026-06-30T09:00:00,2026-06-30,2025-12-31,False,,dart:660:2025:11011,WARN,missing_receipt_date_using_collected_at,False,False,none
660,00164779,2025,11011,,현금흐름표,차입금의 차입,8183735000000.0,8717964000000.0,KRW,14,,,,2026-06-30T09:00:00,2026-06-30,2025-12-31,False,,dart:660:2025:11011,WARN,missing_receipt_date_using_collected_at,False,False,none
660,00164779,2025,11011,,현금흐름표,차입금의 상환,7416131000000.0,16093621000000.0,KRW,15,,,,2026-06-30T09:00:00,2026-06-30,2025-12-31,False,,dart:660:2025:11011,WARN,missing_receipt_date_using_collected_at,False,False,none
660,00164779,2025,11011,,현금흐름표,투자활동 현금흐름,-48054251000000.0,-18004637000000.0,KRW,16,,,,2026-06-30T09:00:00,2026-06-30,2025-12-31,False,,dart:660:2025:11011,WARN,missing_receipt_date_using_collected_at,False,False,none
660,00164779,2025,11011,,현금흐름표,매각예정자산의 처분,85216000000.0,145355000000.0,KRW,17,,,,2026-06-30T09:00:00,2026-06-30,2025-12-31,False,,dart:660:2025:11011,WARN,missing_receipt_date_using_collected_at,False,False,none
660,00164779,2025,11011,,현금흐름표,기타수취채권의 감소,32880000000.0,38222000000.0,KRW,18,,,,2026-06-30T09:00:00,2026-06-30,2025-12-31,False,,dart:660:2025:11011,WARN,missing_receipt_date_using_collected_at,False,False,none
660,00164779,2025,11011,,현금흐름표,기타금융자산의 감소,115091000000.0,57000000.0,KRW,19,,,,2026-06-30T09:00:00,2026-06-30,2025-12-31,False,,dart:660:2025:11011,WARN,missing_receipt_date_using_collected_at,False,False,none
660,00164779,2025,11011,,현금흐름표,단기금융상품의 감소,6513772000000.0,1499026000000.0,KRW,20,,,,2026-06-30T09:00:00,2026-06-30,2025-12-31,False,,dart:660:2025:11011,WARN,missing_receipt_date_using_collected_at,False,False,none
660,00164779,2025,11011,,현금흐름표,기타수취채권의 증가,178331000000.0,47704000000.0,KRW,21,,,,2026-06-30T09:00:00,2026-06-30,2025-12-31,False,,dart:660:2025:11011,WARN,missing_receipt_date_using_collected_at,False,False,none
660,00164779,2025,11011,,현금흐름표,기타금융자산의 증가,1105649000000.0,109646000000.0,KRW,22,,,,2026-06-30T09:00:00,2026-06-30,2025-12-31,False,,dart:660:2025:11011,WARN,missing_receipt_date_using_collected_at,False,False,none
660,00164779,2025,11011,,현금흐름표,단기금융상품의 증가,18804330000000.0,3370863000000.0,KRW,23,,,,2026-06-30T09:00:00,2026-06-30,2025-12-31,False,,dart:660:2025:11011,WARN,missing_receipt_date_using_collected_at,False,False,none
660,00164779,2025,11011,,현금흐름표,사업결합으로 인한 현금유출,3079783000000.0,0.0,KRW,24,,,,2026-06-30T09:00:00,2026-06-30,2025-12-31,False,,dart:660:2025:11011,WARN,missing_receipt_date_using_collected_at,False,False,none
660,00164779,2025,11011,,현금흐름표,장기투자자산의 처분,1233030000000.0,2373000000.0,KRW,25,,,,2026-06-30T09:00:00,2026-06-30,2025-12-31,False,,dart:660:2025:11011,WARN,missing_receipt_date_using_collected_at,False,False,none
660,00164779,2025,11011,,현금흐름표,장기투자자산의 취득,33956000000.0,19460000000.0,KRW,26,,,,2026-06-30T09:00:00,2026-06-30,2025-12-31,False,,dart:660:2025:11011,WARN,missing_receipt_date_using_collected_at,False,False,none
660,00164779,2025,11011,,현금흐름표,단기투자자산의 순증감,-4552604000000.0,457163000000.0,KRW,27,,,,2026-06-30T09:00:00,2026-06-30,2025-12-31,False,,dart:660:2025:11011,WARN,missing_receipt_date_using_collected_at,False,False,none
660,00164779,2025,11011,,현금흐름표,정부보조금의 수령,144911000000.0,0.0,KRW,28,,,,2026-06-30T09:00:00,2026-06-30,2025-12-31,False,,dart:660:2025:11011,WARN,missing_receipt_date_using_collected_at,False,False,none
660,00164779,2025,11011,,현금흐름표,무형자산의 처분,2142000000.0,19703000000.0,KRW,29,,,,2026-06-30T09:00:00,2026-06-30,2025-12-31,False,,dart:660:2025:11011,WARN,missing_receipt_date_using_collected_at,False,False,none
660,00164779,2025,11011,,현금흐름표,관계기업투자주식의 처분,16875000000.0,22510000000.0,KRW,30,,,,2026-06-30T09:00:00,2026-06-30,2025-12-31,False,,dart:660:2025:11011,WARN,missing_receipt_date_using_collected_at,False,False,none
660,00164779,2025,11011,,현금흐름표,유형자산의 처분,144828000000.0,47126000000.0,KRW,31,,,,2026-06-30T09:00:00,2026-06-30,2025-12-31,False,,dart:660:2025:11011,WARN,missing_receipt_date_using_collected_at,False,False,none
660,00164779,2025,11011,,현금흐름표,무형자산의 취득,1060419000000.0,717106000000.0,KRW,32,,,,2026-06-30T09:00:00,2026-06-30,2025-12-31,False,,dart:660:2025:11011,WARN,missing_receipt_date_using_collected_at,False,False,none
660,00164779,2025,11011,,현금흐름표,관계기업투자주식의 취득,9000000000.0,25859000000.0,KRW,33,,,,2026-06-30T09:00:00,2026-06-30,2025-12-31,False,,dart:660:2025:11011,WARN,missing_receipt_date_using_collected_at,False,False,none
660,00164779,2025,11011,,현금흐름표,유형자산의 취득,27518924000000.0,15945534000000.0,KRW,34,,,,2026-06-30T09:00:00,2026-06-30,2025-12-31,False,,dart:660:2025:11011,WARN,missing_receipt_date_using_collected_at,False,False,none
660,00164779,2025,11011,,현금흐름표,영업활동 현금흐름,53373126000000.0,29795885000000.0,KRW,35,,,,2026-06-30T09:00:00,2026-06-30,2025-12-31,False,,dart:660:2025:11011,WARN,missing_receipt_date_using_collected_at,False,False,none
660,00164779,2025,11011,,현금흐름표,영업으로부터 창출된 현금흐름,58904432000000.0,31250846000000.0,KRW,36,,,,2026-06-30T09:00:00,2026-06-30,2025-12-31,False,,dart:660:2025:11011,WARN,missing_receipt_date_using_collected_at,False,False,none
660,00164779,2025,11011,,현금흐름표,배당금의 수취,960716000000.0,50731000000.0,KRW,37,,,,2026-06-30T09:00:00,2026-06-30,2025-12-31,False,,dart:660:2025:11011,WARN,missing_receipt_date_using_collected_at,False,False,none
660,00164779,2025,11011,,현금흐름표,법인세의 납부,5891155000000.0,552088000000.0,KRW,38,,,,2026-06-30T09:00:00,2026-06-30,2025-12-31,False,,dart:660:2025:11011,WARN,missing_receipt_date_using_collected_at,False,False,none
660,00164779,2025,11011,,현금흐름표,이자의 지급,938849000000.0,1276564000000.0,KRW,39,,,,2026-06-30T09:00:00,2026-06-30,2025-12-31,False,,dart:660:2025:11011,WARN,missing_receipt_date_using_collected_at,False,False,none
660,00164779,2025,11011,,현금흐름표,이자의 수취,337982000000.0,322960000000.0,KRW,40,,,,2026-06-30T09:00:00,2026-06-30,2025-12-31,False,,dart:660:2025:11011,WARN,missing_receipt_date_using_collected_at,False,False,none
660,00164779,2025,11011,,현금흐름표,현금및현금성자산의 환율변동효과,-155234000000.0,530480000000.0,KRW,41,,,,2026-06-30T09:00:00,2026-06-30,2025-12-31,False,,dart:660:2025:11011,WARN,missing_receipt_date_using_collected_at,False,False,none
660,00164779,2025,11011,,현금흐름표,현금및현금성자산의 순증감,3718649000000.0,3617788000000.0,KRW,42,,,,2026-06-30T09:00:00,2026-06-30,2025-12-31,False,,dart:660:2025:11011,WARN,missing_receipt_date_using_collected_at,False,False,none
660,00164779,2025,11011,,자본변동표,기초자본,73915704000000.0,53503752000000.0,KRW,3,,,,2026-06-30T09:00:00,2026-06-30,2025-12-31,False,,dart:660:2025:11011,WARN,missing_receipt_date_using_collected_at,False,False,none
660,00164779,2025,11011,,자본변동표,기초자본,12310000000.0,-533000000.0,KRW,3,,,,2026-06-30T09:00:00,2026-06-30,2025-12-31,False,,dart:660:2025:11011,WARN,missing_receipt_date_using_collected_at,False,False,none
660,00164779,2025,11011,,자본변동표,기초자본,73903394000000.0,53504285000000.0,KRW,3,,,,2026-06-30T09:00:00,2026-06-30,2025-12-31,False,,dart:660:2025:11011,WARN,missing_receipt_date_using_collected_at,False,False,none
660,00164779,2025,11011,,자본변동표,기초자본,-2191549000000.0,-2269294000000.0,KRW,3,,,,2026-06-30T09:00:00,2026-06-30,2025-12-31,False,,dart:660:2025:11011,WARN,missing_receipt_date_using_collected_at,False,False,none
660,00164779,2025,11011,,자본변동표,기초자본,2532107000000.0,1014055000000.0,KRW,3,,,,2026-06-30T09:00:00,2026-06-30,2025-12-31,False,,dart:660:2025:11011,WARN,missing_receipt_date_using_collected_at,False,False,none
660,00164779,2025,11011,,자본변동표,기초자본,65418061000000.0,46729313000000.0,KRW,3,,,,2026-06-30T09:00:00,2026-06-30,2025-12-31,False,,dart:660:2025:11011,WARN,missing_receipt_date_using_collected_at,False,False,none
660,00164779,2025,11011,,자본변동표,기초자본,3657652000000.0,3657652000000.0,KRW,3,,,,2026-06-30T09:00:00,2026-06-30,2025-12-31,False,,dart:660:2025:11011,WARN,missing_receipt_date_using_collected_at,False,False,none
660,00164779,2025,11011,,자본변동표,기초자본,4487123000000.0,4372559000000.0,KRW,3,,,,2026-06-30T09:00:00,2026-06-30,2025-12-31,False,,dart:660:2025:11011,WARN,missing_receipt_date_using_collected_at,False,False,none
660,00164779,2025,11011,,자본변동표,총포괄이익(손실),43017348000000.0,21044422000000.0,KRW,4,,,,2026-06-30T09:00:00,2026-06-30,2025-12-31,False,,dart:660:2025:11011,WARN,missing_receipt_date_using_collected_at,False,False,none
660,00164779,2025,11011,,자본변동표,총포괄이익(손실),32940000000.0,11299000000.0,KRW,4,,,,2026-06-30T09:00:00,2026-06-30,2025-12-31,False,,dart:660:2025:11011,WARN,missing_receipt_date_using_collected_at,False,False,none
660,00164779,2025,11011,,자본변동표,총포괄이익(손실),42984408000000.0,21033123000000.0,KRW,4,,,,2026-06-30T09:00:00,2026-06-30,2025-12-31,False,,dart:660:2025:11011,WARN,missing_receipt_date_using_collected_at,False,False,none
660,00164779,2025,11011,,자본변동표,총포괄이익(손실),0.0,0.0,KRW,4,,,,2026-06-30T09:00:00,2026-06-30,2025-12-31,False,,dart:660:2025:11011,WARN,missing_receipt_date_using_collected_at,False,False,none
660,00164779,2025,11011,,자본변동표,총포괄이익(손실),144755000000.0,1518052000000.0,KRW,4,,,,2026-06-30T09:00:00,2026-06-30,2025-12-31,False,,dart:660:2025:11011,WARN,missing_receipt_date_using_collected_at,False,False,none
660,00164779,2025,11011,,자본변동표,총포괄이익(손실),42839653000000.0,19515071000000.0,KRW,4,,,,2026-06-30T09:00:00,2026-06-30,2025-12-31,False,,dart:660:2025:11011,WARN,missing_receipt_date_using_collected_at,False,False,none
660,00164779,2025,11011,,자본변동표,총포괄이익(손실),0.0,0.0,KRW,4,,,,2026-06-30T09:00:00,2026-06-30,2025-12-31,False,,dart:660:2025:11011,WARN,missing_receipt_date_using_collected_at,False,False,none
660,00164779,2025,11011,,자본변동표,총포괄이익(손실),0.0,0.0,KRW,4,,,,2026-06-30T09:00:00,2026-06-30,2025-12-31,False,,dart:660:2025:11011,WARN,missing_receipt_date_using_collected_at,False,False,none
660,00164779,2025,11011,,자본변동표,파생상품평가손익,2118000000.0,637000000.0,KRW,5,,,,2026-06-30T09:00:00,2026-06-30,2025-12-31,False,,dart:660:2025:11011,WARN,missing_receipt_date_using_collected_at,False,False,none
660,00164779,2025,11011,,자본변동표,파생상품평가손익,0.0,0.0,KRW,5,,,,2026-06-30T09:00:00,2026-06-30,2025-12-31,False,,dart:660:2025:11011,WARN,missing_receipt_date_using_collected_at,False,False,none
660,00164779,2025,11011,,자본변동표,파생상품평가손익,2118000000.0,637000000.0,KRW,5,,,,2026-06-30T09:00:00,2026-06-30,2025-12-31,False,,dart:660:2025:11011,WARN,missing_receipt_date_using_collected_at,False,False,none
660,00164779,2025,11011,,자본변동표,파생상품평가손익,0.0,0.0,KRW,5,,,,2026-06-30T09:00:00,2026-06-30,2025-12-31,False,,dart:660:2025:11011,WARN,missing_receipt_date_using_collected_at,False,False,none
660,00164779,2025,11011,,자본변동표,파생상품평가손익,2118000000.0,637000000.0,KRW,5,,,,2026-06-30T09:00:00,2026-06-30,2025-12-31,False,,dart:660:2025:11011,WARN,missing_receipt_date_using_collected_at,False,False,none
660,00164779,2025,11011,,자본변동표,파생상품평가손익,0.0,0.0,KRW,5,,,,2026-06-30T09:00:00,2026-06-30,2025-12-31,False,,dart:660:2025:11011,WARN,missing_receipt_date_using_collected_at,False,False,none
660,00164779,2025,11011,,자본변동표,파생상품평가손익,0.0,0.0,KRW,5,,,,2026-06-30T09:00:00,2026-06-30,2025-12-31,False,,dart:660:2025:11011,WARN,missing_receipt_date_using_collected_at,False,False,none
660,00164779,2025,11011,,자본변동표,파생상품평가손익,0.0,0.0,KRW,5,,,,2026-06-30T09:00:00,2026-06-30,2025-12-31,False,,dart:660:2025:11011,WARN,missing_receipt_date_using_collected_at,False,False,none
660,00164779,2025,11011,,자본변동표,해외사업장환산외환차이,173701000000.0,1374587000000.0,KRW,6,,,,2026-06-30T09:00:00,2026-06-30,2025-12-31,False,,dart:660:2025:11011,WARN,missing_receipt_date_using_collected_at,False,False,none
660,00164779,2025,11011,,자본변동표,해외사업장환산외환차이,4324000000.0,3078000000.0,KRW,6,,,,2026-06-30T09:00:00,2026-06-30,2025-12-31,False,,dart:660:2025:11011,WARN,missing_receipt_date_using_collected_at,False,False,none
660,00164779,2025,11011,,자본변동표,해외사업장환산외환차이,169377000000.0,1371509000000.0,KRW,6,,,,2026-06-30T09:00:00,2026-06-30,2025-12-31,False,,dart:660:2025:11011,WARN,missing_receipt_date_using_collected_at,False,False,none
660,00164779,2025,11011,,자본변동표,해외사업장환산외환차이,0.0,0.0,KRW,6,,,,2026-06-30T09:00:00,2026-06-30,2025-12-31,False,,dart:660:2025:11011,WARN,missing_receipt_date_using_collected_at,False,False,none
660,00164779,2025,11011,,자본변동표,해외사업장환산외환차이,169377000000.0,1371509000000.0,KRW,6,,,,2026-06-30T09:00:00,2026-06-30,2025-12-31,False,,dart:660:2025:11011,WARN,missing_receipt_date_using_collected_at,False,False,none
660,00164779,2025,11011,,자본변동표,해외사업장환산외환차이,0.0,0.0,KRW,6,,,,2026-06-30T09:00:00,2026-06-30,2025-12-31,False,,dart:660:2025:11011,WARN,missing_receipt_date_using_collected_at,False,False,none
660,00164779,2025,11011,,자본변동표,해외사업장환산외환차이,0.0,0.0,KRW,6,,,,2026-06-30T09:00:00,2026-06-30,2025-12-31,False,,dart:660:2025:11011,WARN,missing_receipt_date_using_collected_at,False,False,none
660,00164779,2025,11011,,자본변동표,해외사업장환산외환차이,0.0,0.0,KRW,6,,,,2026-06-30T09:00:00,2026-06-30,2025-12-31,False,,dart:660:2025:11011,WARN,missing_receipt_date_using_collected_at,False,False,none
660,00164779,2025,11011,,자본변동표,확정급여제도의 재측정요소,-79633000000.0,-273610000000.0,KRW,7,,,,2026-06-30T09:00:00,2026-06-30,2025-12-31,False,,dart:660:2025:11011,WARN,missing_receipt_date_using_collected_at,False,False,none
660,00164779,2025,11011,,자본변동표,확정급여제도의 재측정요소,0.0,0.0,KRW,7,,,,2026-06-30T09:00:00,2026-06-30,2025-12-31,False,,dart:660:2025:11011,WARN,missing_receipt_date_using_collected_at,False,False,none
660,00164779,2025,11011,,자본변동표,확정급여제도의 재측정요소,-79633000000.0,-273610000000.0,KRW,7,,,,2026-06-30T09:00:00,2026-06-30,2025-12-31,False,,dart:660:2025:11011,WARN,missing_receipt_date_using_collected_at,False,False,none
660,00164779,2025,11011,,자본변동표,확정급여제도의 재측정요소,0.0,0.0,KRW,7,,,,2026-06-30T09:00:00,2026-06-30,2025-12-31,False,,dart:660:2025:11011,WARN,missing_receipt_date_using_collected_at,False,False,none
660,00164779,2025,11011,,자본변동표,확정급여제도의 재측정요소,0.0,0.0,KRW,7,,,,2026-06-30T09:00:00,2026-06-30,2025-12-31,False,,dart:660:2025:11011,WARN,missing_receipt_date_using_collected_at,False,False,none
660,00164779,2025,11011,,자본변동표,확정급여제도의 재측정요소,-79633000000.0,-273610000000.0,KRW,7,,,,2026-06-30T09:00:00,2026-06-30,2025-12-31,False,,dart:660:2025:11011,WARN,missing_receipt_date_using_collected_at,False,False,none
660,00164779,2025,11011,,자본변동표,확정급여제도의 재측정요소,0.0,0.0,KRW,7,,,,2026-06-30T09:00:00,2026-06-30,2025-12-31,False,,dart:660:2025:11011,WARN,missing_receipt_date_using_collected_at,False,False,none
660,00164779,2025,11011,,자본변동표,확정급여제도의 재측정요소,0.0,0.0,KRW,7,,,,2026-06-30T09:00:00,2026-06-30,2025-12-31,False,,dart:660:2025:11011,WARN,missing_receipt_date_using_collected_at,False,False,none
660,00164779,2025,11011,,자본변동표,당기순이익(손실),42947902000000.0,19796902000000.0,KRW,8,,,,2026-06-30T09:00:00,2026-06-30,2025-12-31,False,,dart:660:2025:11011,WARN,missing_receipt_date_using_collected_at,False,False,none
660,00164779,2025,11011,,자본변동표,당기순이익(손실),28616000000.0,8221000000.0,KRW,8,,,,2026-06-30T09:00:00,2026-06-30,2025-12-31,False,,dart:660:2025:11011,WARN,missing_receipt_date_using_collected_at,False,False,none
660,00164779,2025,11011,,자본변동표,당기순이익(손실),42919286000000.0,19788681000000.0,KRW,8,,,,2026-06-30T09:00:00,2026-06-30,2025-12-31,False,,dart:660:2025:11011,WARN,missing_receipt_date_using_collected_at,False,False,none
660,00164779,2025,11011,,자본변동표,당기순이익(손실),0.0,0.0,KRW,8,,,,2026-06-30T09:00:00,2026-06-30,2025-12-31,False,,dart:660:2025:11011,WARN,missing_receipt_date_using_collected_at,False,False,none
660,00164779,2025,11011,,자본변동표,당기순이익(손실),0.0,0.0,KRW,8,,,,2026-06-30T09:00:00,2026-06-30,2025-12-31,False,,dart:660:2025:11011,WARN,missing_receipt_date_using_collected_at,False,False,none
660,00164779,2025,11011,,자본변동표,당기순이익(손실),42919286000000.0,19788681000000.0,KRW,8,,,,2026-06-30T09:00:00,2026-06-30,2025-12-31,False,,dart:660:2025:11011,WARN,missing_receipt_date_using_collected_at,False,False,none
660,00164779,2025,11011,,자본변동표,당기순이익(손실),0.0,0.0,KRW,8,,,,2026-06-30T09:00:00,2026-06-30,2025-12-31,False,,dart:660:2025:11011,WARN,missing_receipt_date_using_collected_at,False,False,none
660,00164779,2025,11011,,자본변동표,당기순이익(손실),0.0,0.0,KRW,8,,,,2026-06-30T09:00:00,2026-06-30,2025-12-31,False,,dart:660:2025:11011,WARN,missing_receipt_date_using_collected_at,False,False,none
660,00164779,2025,11011,,자본변동표,관계기업의 기타포괄손익에 대한 지분,-26740000000.0,145906000000.0,KRW,9,,,,2026-06-30T09:00:00,2026-06-30,2025-12-31,False,,dart:660:2025:11011,WARN,missing_receipt_date_using_collected_at,False,False,none
660,00164779,2025,11011,,자본변동표,관계기업의 기타포괄손익에 대한 지분,0.0,0.0,KRW,9,,,,2026-06-30T09:00:00,2026-06-30,2025-12-31,False,,dart:660:2025:11011,WARN,missing_receipt_date_using_collected_at,False,False,none
660,00164779,2025,11011,,자본변동표,관계기업의 기타포괄손익에 대한 지분,-26740000000.0,145906000000.0,KRW,9,,,,2026-06-30T09:00:00,2026-06-30,2025-12-31,False,,dart:660:2025:11011,WARN,missing_receipt_date_using_collected_at,False,False,none
660,00164779,2025,11011,,자본변동표,관계기업의 기타포괄손익에 대한 지분,0.0,0.0,KRW,9,,,,2026-06-30T09:00:00,2026-06-30,2025-12-31,False,,dart:660:2025:11011,WARN,missing_receipt_date_using_collected_at,False,False,none
660,00164779,2025,11011,,자본변동표,관계기업의 기타포괄손익에 대한 지분,-26740000000.0,145906000000.0,KRW,9,,,,2026-06-30T09:00:00,2026-06-30,2025-12-31,False,,dart:660:2025:11011,WARN,missing_receipt_date_using_collected_at,False,False,none
660,00164779,2025,11011,,자본변동표,관계기업의 기타포괄손익에 대한 지분,0.0,0.0,KRW,9,,,,2026-06-30T09:00:00,2026-06-30,2025-12-31,False,,dart:660:2025:11011,WARN,missing_receipt_date_using_collected_at,False,False,none
660,00164779,2025,11011,,자본변동표,관계기업의 기타포괄손익에 대한 지분,0.0,0.0,KRW,9,,,,2026-06-30T09:00:00,2026-06-30,2025-12-31,False,,dart:660:2025:11011,WARN,missing_receipt_date_using_collected_at,False,False,none
660,00164779,2025,11011,,자본변동표,관계기업의 기타포괄손익에 대한 지분,0.0,0.0,KRW,9,,,,2026-06-30T09:00:00,2026-06-30,2025-12-31,False,,dart:660:2025:11011,WARN,missing_receipt_date_using_collected_at,False,False,none
660,00164779,2025,11011,,자본변동표,자본총계,120666751000000.0,73915704000000.0,KRW,10,,,,2026-06-30T09:00:00,2026-06-30,2025-12-31,False,,dart:660:2025:11011,WARN,missing_receipt_date_using_collected_at,False,False,none
660,00164779,2025,11011,,자본변동표,자본총계,150573000000.0,12310000000.0,KRW,10,,,,2026-06-30T09:00:00,2026-06-30,2025-12-31,False,,dart:660:2025:11011,WARN,missing_receipt_date_using_collected_at,False,False,none
660,00164779,2025,11011,,자본변동표,자본총계,120516178000000.0,73903394000000.0,KRW,10,,,,2026-06-30T09:00:00,2026-06-30,2025-12-31,False,,dart:660:2025:11011,WARN,missing_receipt_date_using_collected_at,False,False,none
660,00164779,2025,11011,,자본변동표,자본총계,-1348598000000.0,-2191549000000.0,KRW,10,,,,2026-06-30T09:00:00,2026-06-30,2025-12-31,False,,dart:660:2025:11011,WARN,missing_receipt_date_using_collected_at,False,False,none
660,00164779,2025,11011,,자본변동표,자본총계,2676862000000.0,2532107000000.0,KRW,10,,,,2026-06-30T09:00:00,2026-06-30,2025-12-31,False,,dart:660:2025:11011,WARN,missing_receipt_date_using_collected_at,False,False,none
660,00164779,2025,11011,,자본변동표,자본총계,106576548000000.0,65418061000000.0,KRW,10,,,,2026-06-30T09:00:00,2026-06-30,2025-12-31,False,,dart:660:2025:11011,WARN,missing_receipt_date_using_collected_at,False,False,none
660,00164779,2025,11011,,자본변동표,자본총계,3657652000000.0,3657652000000.0,KRW,10,,,,2026-06-30T09:00:00,2026-06-30,2025-12-31,False,,dart:660:2025:11011,WARN,missing_receipt_date_using_collected_at,False,False,none
660,00164779,2025,11011,,자본변동표,자본총계,8953714000000.0,4487123000000.0,KRW,10,,,,2026-06-30T09:00:00,2026-06-30,2025-12-31,False,,dart:660:2025:11011,WARN,missing_receipt_date_using_collected_at,False,False,none
660,00164779,2025,11011,,자본변동표,자본에 직접 반영된 소유주와의 거래 합계,3733699000000.0,-632470000000.0,KRW,11,,,,2026-06-30T09:00:00,2026-06-30,2025-12-31,False,,dart:660:2025:11011,WARN,missing_receipt_date_using_collected_at,False,False,none
660,00164779,2025,11011,,자본변동표,자본에 직접 반영된 소유주와의 거래 합계,105323000000.0,1544000000.0,KRW,11,,,,2026-06-30T09:00:00,2026-06-30,2025-12-31,False,,dart:660:2025:11011,WARN,missing_receipt_date_using_collected_at,False,False,none
660,00164779,2025,11011,,자본변동표,자본에 직접 반영된 소유주와의 거래 합계,3628376000000.0,-634014000000.0,KRW,11,,,,2026-06-30T09:00:00,2026-06-30,2025-12-31,False,,dart:660:2025:11011,WARN,missing_receipt_date_using_collected_at,False,False,none
660,00164779,2025,11011,,자본변동표,자본에 직접 반영된 소유주와의 거래 합계,842951000000.0,77745000000.0,KRW,11,,,,2026-06-30T09:00:00,2026-06-30,2025-12-31,False,,dart:660:2025:11011,WARN,missing_receipt_date_using_collected_at,False,False,none
660,00164779,2025,11011,,자본변동표,자본에 직접 반영된 소유주와의 거래 합계,0.0,0.0,KRW,11,,,,2026-06-30T09:00:00,2026-06-30,2025-12-31,False,,dart:660:2025:11011,WARN,missing_receipt_date_using_collected_at,False,False,none
660,00164779,2025,11011,,자본변동표,자본에 직접 반영된 소유주와의 거래 합계,-1681166000000.0,-826323000000.0,KRW,11,,,,2026-06-30T09:00:00,2026-06-30,2025-12-31,False,,dart:660:2025:11011,WARN,missing_receipt_date_using_collected_at,False,False,none
660,00164779,2025,11011,,자본변동표,자본에 직접 반영된 소유주와의 거래 합계,0.0,0.0,KRW,11,,,,2026-06-30T09:00:00,2026-06-30,2025-12-31,False,,dart:660:2025:11011,WARN,missing_receipt_date_using_collected_at,False,False,none
660,00164779,2025,11011,,자본변동표,자본에 직접 반영된 소유주와의 거래 합계,4466591000000.0,114564000000.0,KRW,11,,,,2026-06-30T09:00:00,2026-06-30,2025-12-31,False,,dart:660:2025:11011,WARN,missing_receipt_date_using_collected_at,False,False,none
660,00164779,2025,11011,,자본변동표,연결대상 범위의 변동,446000000.0,0.0,KRW,12,,,,2026-06-30T09:00:00,2026-06-30,2025-12-31,False,,dart:660:2025:11011,WARN,missing_receipt_date_using_collected_at,False,False,none
660,00164779,2025,11011,,자본변동표,연결대상 범위의 변동,446000000.0,0.0,KRW,12,,,,2026-06-30T09:00:00,2026-06-30,2025-12-31,False,,dart:660:2025:11011,WARN,missing_receipt_date_using_collected_at,False,False,none
660,00164779,2025,11011,,자본변동표,연결대상 범위의 변동,0.0,0.0,KRW,12,,,,2026-06-30T09:00:00,2026-06-30,2025-12-31,False,,dart:660:2025:11011,WARN,missing_receipt_date_using_collected_at,False,False,none
660,00164779,2025,11011,,자본변동표,연결대상 범위의 변동,0.0,0.0,KRW,12,,,,2026-06-30T09:00:00,2026-06-30,2025-12-31,False,,dart:660:2025:11011,WARN,missing_receipt_date_using_collected_at,False,False,none
660,00164779,2025,11011,,자본변동표,연결대상 범위의 변동,0.0,0.0,KRW,12,,,,2026-06-30T09:00:00,2026-06-30,2025-12-31,False,,dart:660:2025:11011,WARN,missing_receipt_date_using_collected_at,False,False,none
660,00164779,2025,11011,,자본변동표,연결대상 범위의 변동,0.0,0.0,KRW,12,,,,2026-06-30T09:00:00,2026-06-30,2025-12-31,False,,dart:660:2025:11011,WARN,missing_receipt_date_using_collected_at,False,False,none
660,00164779,2025,11011,,자본변동표,연결대상 범위의 변동,0.0,0.0,KRW,12,,,,2026-06-30T09:00:00,2026-06-30,2025-12-31,False,,dart:660:2025:11011,WARN,missing_receipt_date_using_collected_at,False,False,none
660,00164779,2025,11011,,자본변동표,연결대상 범위의 변동,0.0,0.0,KRW,12,,,,2026-06-30T09:00:00,2026-06-30,2025-12-31,False,,dart:660:2025:11011,WARN,missing_receipt_date_using_collected_at,False,False,none
660,00164779,2025,11011,,자본변동표,배당금의 지급,1681166000000.0,826323000000.0,KRW,13,,,,2026-06-30T09:00:00,2026-06-30,2025-12-31,False,,dart:660:2025:11011,WARN,missing_receipt_date_using_collected_at,False,False,none
660,00164779,2025,11011,,자본변동표,배당금의 지급,0.0,0.0,KRW,13,,,,2026-06-30T09:00:00,2026-06-30,2025-12-31,False,,dart:660:2025:11011,WARN,missing_receipt_date_using_collected_at,False,False,none
660,00164779,2025,11011,,자본변동표,배당금의 지급,1681166000000.0,826323000000.0,KRW,13,,,,2026-06-30T09:00:00,2026-06-30,2025-12-31,False,,dart:660:2025:11011,WARN,missing_receipt_date_using_collected_at,False,False,none
660,00164779,2025,11011,,자본변동표,배당금의 지급,0.0,0.0,KRW,13,,,,2026-06-30T09:00:00,2026-06-30,2025-12-31,False,,dart:660:2025:11011,WARN,missing_receipt_date_using_collected_at,False,False,none
660,00164779,2025,11011,,자본변동표,배당금의 지급,0.0,0.0,KRW,13,,,,2026-06-30T09:00:00,2026-06-30,2025-12-31,False,,dart:660:2025:11011,WARN,missing_receipt_date_using_collected_at,False,False,none
660,00164779,2025,11011,,자본변동표,배당금의 지급,1681166000000.0,826323000000.0,KRW,13,,,,2026-06-30T09:00:00,2026-06-30,2025-12-31,False,,dart:660:2025:11011,WARN,missing_receipt_date_using_collected_at,False,False,none
660,00164779,2025,11011,,자본변동표,배당금의 지급,0.0,0.0,KRW,13,,,,2026-06-30T09:00:00,2026-06-30,2025-12-31,False,,dart:660:2025:11011,WARN,missing_receipt_date_using_collected_at,False,False,none
660,00164779,2025,11011,,자본변동표,배당금의 지급,0.0,0.0,KRW,13,,,,2026-06-30T09:00:00,2026-06-30,2025-12-31,False,,dart:660:2025:11011,WARN,missing_receipt_date_using_collected_at,False,False,none
660,00164779,2025,11011,,자본변동표,종속기업 유상증자 및 소유지분변동,73008000000.0,6032000000.0,KRW,14,,,,2026-06-30T09:00:00,2026-06-30,2025-12-31,False,,dart:660:2025:11011,WARN,missing_receipt_date_using_collected_at,False,False,none
660,00164779,2025,11011,,자본변동표,종속기업 유상증자 및 소유지분변동,0.0,6032000000.0,KRW,14,,,,2026-06-30T09:00:00,2026-06-30,2025-12-31,False,,dart:660:2025:11011,WARN,missing_receipt_date_using_collected_at,False,False,none
660,00164779,2025,11011,,자본변동표,종속기업 유상증자 및 소유지분변동,73008000000.0,0.0,KRW,14,,,,2026-06-30T09:00:00,2026-06-30,2025-12-31,False,,dart:660:2025:11011,WARN,missing_receipt_date_using_collected_at,False,False,none
660,00164779,2025,11011,,자본변동표,종속기업 유상증자 및 소유지분변동,0.0,0.0,KRW,14,,,,2026-06-30T09:00:00,2026-06-30,2025-12-31,False,,dart:660:2025:11011,WARN,missing_receipt_date_using_collected_at,False,False,none
660,00164779,2025,11011,,자본변동표,종속기업 유상증자 및 소유지분변동,0.0,0.0,KRW,14,,,,2026-06-30T09:00:00,2026-06-30,2025-12-31,False,,dart:660:2025:11011,WARN,missing_receipt_date_using_collected_at,False,False,none
660,00164779,2025,11011,,자본변동표,종속기업 유상증자 및 소유지분변동,0.0,0.0,KRW,14,,,,2026-06-30T09:00:00,2026-06-30,2025-12-31,False,,dart:660:2025:11011,WARN,missing_receipt_date_using_collected_at,False,False,none
660,00164779,2025,11011,,자본변동표,종속기업 유상증자 및 소유지분변동,0.0,0.0,KRW,14,,,,2026-06-30T09:00:00,2026-06-30,2025-12-31,False,,dart:660:2025:11011,WARN,missing_receipt_date_using_collected_at,False,False,none
660,00164779,2025,11011,,자본변동표,종속기업 유상증자 및 소유지분변동,73008000000.0,0.0,KRW,14,,,,2026-06-30T09:00:00,2026-06-30,2025-12-31,False,,dart:660:2025:11011,WARN,missing_receipt_date_using_collected_at,False,False,none
660,00164779,2025,11011,,자본변동표,주식선택권의 부여/행사,313313000000.0,60513000000.0,KRW,15,,,,2026-06-30T09:00:00,2026-06-30,2025-12-31,False,,dart:660:2025:11011,WARN,missing_receipt_date_using_collected_at,False,False,none
660,00164779,2025,11011,,자본변동표,주식선택권의 부여/행사,104877000000.0,-4488000000.0,KRW,15,,,,2026-06-30T09:00:00,2026-06-30,2025-12-31,False,,dart:660:2025:11011,WARN,missing_receipt_date_using_collected_at,False,False,none
660,00164779,2025,11011,,자본변동표,주식선택권의 부여/행사,80477000000.0,38569000000.0,KRW,15,,,,2026-06-30T09:00:00,2026-06-30,2025-12-31,False,,dart:660:2025:11011,WARN,missing_receipt_date_using_collected_at,False,False,none
660,00164779,2025,11011,,자본변동표,주식선택권의 부여/행사,0.0,0.0,KRW,15,,,,2026-06-30T09:00:00,2026-06-30,2025-12-31,False,,dart:660:2025:11011,WARN,missing_receipt_date_using_collected_at,False,False,none
660,00164779,2025,11011,,자본변동표,주식선택권의 부여/행사,0.0,0.0,KRW,15,,,,2026-06-30T09:00:00,2026-06-30,2025-12-31,False,,dart:660:2025:11011,WARN,missing_receipt_date_using_collected_at,False,False,none
660,00164779,2025,11011,,자본변동표,주식선택권의 부여/행사,0.0,0.0,KRW,15,,,,2026-06-30T09:00:00,2026-06-30,2025-12-31,False,,dart:660:2025:11011,WARN,missing_receipt_date_using_collected_at,False,False,none
660,00164779,2025,11011,,자본변동표,주식선택권의 부여/행사,127959000000.0,26432000000.0,KRW,15,,,,2026-06-30T09:00:00,2026-06-30,2025-12-31,False,,dart:660:2025:11011,WARN,missing_receipt_date_using_collected_at,False,False,none
660,00164779,2025,11011,,자본변동표,주식선택권의 부여/행사,208436000000.0,65001000000.0,KRW,15,,,,2026-06-30T09:00:00,2026-06-30,2025-12-31,False,,dart:660:2025:11011,WARN,missing_receipt_date_using_collected_at,False,False,none
660,00164779,2025,11011,,자본변동표,자기주식의 처분,5028098000000.0,127308000000.0,KRW,16,,,,2026-06-30T09:00:00,2026-06-30,2025-12-31,False,,dart:660:2025:11011,WARN,missing_receipt_date_using_collected_at,False,False,none
660,00164779,2025,11011,,자본변동표,자기주식의 처분,0.0,0.0,KRW,16,,,,2026-06-30T09:00:00,2026-06-30,2025-12-31,False,,dart:660:2025:11011,WARN,missing_receipt_date_using_collected_at,False,False,none
660,00164779,2025,11011,,자본변동표,자기주식의 처분,0.0,0.0,KRW,16,,,,2026-06-30T09:00:00,2026-06-30,2025-12-31,False,,dart:660:2025:11011,WARN,missing_receipt_date_using_collected_at,False,False,none
660,00164779,2025,11011,,자본변동표,자기주식의 처분,0.0,0.0,KRW,16,,,,2026-06-30T09:00:00,2026-06-30,2025-12-31,False,,dart:660:2025:11011,WARN,missing_receipt_date_using_collected_at,False,False,none
660,00164779,2025,11011,,자본변동표,자기주식의 처분,714992000000.0,51313000000.0,KRW,16,,,,2026-06-30T09:00:00,2026-06-30,2025-12-31,False,,dart:660:2025:11011,WARN,missing_receipt_date_using_collected_at,False,False,none
660,00164779,2025,11011,,자본변동표,자기주식의 처분,5028098000000.0,127308000000.0,KRW,16,,,,2026-06-30T09:00:00,2026-06-30,2025-12-31,False,,dart:660:2025:11011,WARN,missing_receipt_date_using_collected_at,False,False,none
660,00164779,2025,11011,,자본변동표,자기주식의 처분,0.0,0.0,KRW,16,,,,2026-06-30T09:00:00,2026-06-30,2025-12-31,False,,dart:660:2025:11011,WARN,missing_receipt_date_using_collected_at,False,False,none
660,00164779,2025,11011,,자본변동표,자기주식의 처분,4313106000000.0,75995000000.0,KRW,16,,,,2026-06-30T09:00:00,2026-06-30,2025-12-31,False,,dart:660:2025:11011,WARN,missing_receipt_date_using_collected_at,False,False,none
